phage,strain,label
Roth37,KLEB11,0
Roth37,164413U12,0
Roth37,163575R,0
Roth37,NCTC_13368,0
Roth37,L0240,0
Roth37,KLEB12,0
Roth37,921530F,0
Roth37,1_1_55,0
Roth37,KLEB5,0
Roth37,4_1_44FAA,0
Roth37,K5962,0
Roth37,ATCC_11296,0
Roth37,CFI_127_NDM1,0
Roth37,CFI_108_OXA181,0
Roth37,2660,0
Roth37,2619,0
Roth37,2609,1
Roth37,49856,0
Roth37,CFI_131_KPC2,0
Roth37,MKP103,0
Roth37,46704,0
Roth37,45071,0
Roth37,NCTC_13438,0
Roth37,CFI_141_KPC3,0
Roth37,51851,1
Roth37,KLEB9,0
Roth37,L0549,0
Roth37,L0506,0
Roth37,KLEB6,0
Roth37,K6500,1
Roth37,K5864,0
Roth37,164121Y,0
Roth37,164358U,0
Roth37,L0593,0
Roth37,KLEB7,0
Roth37,RSUH15,0
Roth37,80528,0
Roth37,KLEB2,0
Roth37,MGH_78578,0
Roth37,KLEB10,0
Roth37,NCTC 7427,1
Roth37,KPUK02,0
Roth37,L0644,0
Roth37,163895Q,0
Roth37,L0747,0
Roth37,922221W,0
Roth37,L1522,0
Roth37,L0738,0
Roth37,TW3,0
Roth37,M6,0
Roth37,164125A,0
Roth37,K6310,0
Roth37,KLEB3,0
Roth37,KLEB4,0
Roth37,L1392,0
Roth37,16,0
Roth37,CFI_110_OXA232,0
Roth37,CFI_119_OXA48,0
Roth37,CFI_147_OXA48,0
Roth37,CFI_118_NDM1,0
Roth37,CFI_134_NDM1,1
Roth37,KPUK01,0
Roth37,CFI_014_VIM4,0
Roth37,18,0
Roth37,CFI_128_NDM1,0
Roth37,KPUK04a,0
Roth37,NCTC_13443,0
Roth37,CFI_146_OXA48,0
Roth37,CFI_001_VIM1,0
Roth37,KLEB14,0
Roth37,KPTR8,0
Roth37,KLEB13,0
Roth39,KLEB11,0
Roth39,164413U12,0
Roth39,163575R,0
Roth39,NCTC_13368,0
Roth39,L0240,0
Roth39,KLEB12,0
Roth39,921530F,0
Roth39,1_1_55,0
Roth39,KLEB5,0
Roth39,4_1_44FAA,0
Roth39,K5962,0
Roth39,ATCC_11296,0
Roth39,CFI_127_NDM1,0
Roth39,CFI_108_OXA181,0
Roth39,2660,0
Roth39,2619,0
Roth39,MDRT1,1
Roth39,2609,1
Roth39,49856,0
Roth39,CFI_131_KPC2,0
Roth39,MKP103,0
Roth39,46704,0
Roth39,45071,0
Roth39,NCTC_13438,0
Roth39,CFI_141_KPC3,0
Roth39,51851,1
Roth39,KLEB9,0
Roth39,L0549,0
Roth39,L0506,0
Roth39,KLEB6,0
Roth39,K6500,1
Roth39,K5864,0
Roth39,164121Y,0
Roth39,164358U,0
Roth39,L0593,0
Roth39,KLEB7,0
Roth39,RSUH15,0
Roth39,80528,0
Roth39,KLEB2,0
Roth39,MGH_78578,0
Roth39,KLEB10,0
Roth39,NCTC 7427,1
Roth39,KPUK02,0
Roth39,L0644,0
Roth39,163895Q,0
Roth39,922221W,0
Roth39,L1522,0
Roth39,L0738,0
Roth39,TW3,0
Roth39,M6,0
Roth39,164125A,0
Roth39,K6310,0
Roth39,KLEB3,0
Roth39,KLEB4,0
Roth39,163862E,0
Roth39,L1392,0
Roth39,16,0
Roth39,CFI_110_OXA232,0
Roth39,CFI_119_OXA48,0
Roth39,CFI_147_OXA48,0
Roth39,CFI_118_NDM1,0
Roth39,CFI_134_NDM1,1
Roth39,KPUK01,0
Roth39,CFI_014_VIM4,1
Roth39,18,0
Roth39,CFI_128_NDM1,0
Roth39,KPUK04a,0
Roth39,NCTC_13443,0
Roth39,CFI_146_OXA48,0
Roth39,CFI_001_VIM1,0
Roth39,KLEB14,0
Roth39,KPTR8,0
Roth39,KLEB13,0
Roth49,KLEB11,0
Roth49,164413U12,0
Roth49,163575R,0
Roth49,NCTC_13368,0
Roth49,L0240,0
Roth49,KLEB12,0
Roth49,921530F,0
Roth49,1_1_55,0
Roth49,KLEB5,0
Roth49,4_1_44FAA,0
Roth49,K5962,0
Roth49,ATCC_11296,0
Roth49,CFI_127_NDM1,0
Roth49,CFI_108_OXA181,0
Roth49,2660,0
Roth49,2619,0
Roth49,MDRT1,0
Roth49,2609,1
Roth49,49856,0
Roth49,CFI_131_KPC2,0
Roth49,MKP103,0
Roth49,46704,0
Roth49,45071,0
Roth49,NCTC_13438,0
Roth49,CFI_141_KPC3,0
Roth49,51851,1
Roth49,KLEB9,0
Roth49,L0549,0
Roth49,L0506,0
Roth49,KLEB6,0
Roth49,K6500,1
Roth49,K5864,0
Roth49,164121Y,0
Roth49,164358U,0
Roth49,L0593,0
Roth49,KLEB7,0
Roth49,RSUH15,0
Roth49,80528,0
Roth49,KLEB2,0
Roth49,MGH_78578,0
Roth49,KLEB10,0
Roth49,NCTC 7427,1
Roth49,KPUK02,0
Roth49,L0644,0
Roth49,163895Q,0
Roth49,L0747,0
Roth49,922221W,0
Roth49,L1522,0
Roth49,L0738,0
Roth49,TW3,0
Roth49,M6,0
Roth49,164125A,0
Roth49,K6310,0
Roth49,KLEB3,0
Roth49,KLEB4,0
Roth49,163862E,0
Roth49,L1392,0
Roth49,16,0
Roth49,CFI_110_OXA232,0
Roth49,CFI_119_OXA48,0
Roth49,CFI_147_OXA48,0
Roth49,CFI_118_NDM1,0
Roth49,CFI_134_NDM1,0
Roth49,KPUK01,0
Roth49,CFI_014_VIM4,1
Roth49,18,0
Roth49,CFI_128_NDM1,0
Roth49,KPUK04a,0
Roth49,NCTC_13443,0
Roth49,CFI_146_OXA48,0
Roth49,CFI_001_VIM1,0
Roth49,KLEB14,0
Roth49,KPTR8,0
Roth49,KLEB13,0
Roth50,KLEB11,0
Roth50,164413U12,0
Roth50,163575R,0
Roth50,NCTC_13368,0
Roth50,L0240,0
Roth50,KLEB12,0
Roth50,921530F,0
Roth50,1_1_55,0
Roth50,KLEB5,0
Roth50,4_1_44FAA,0
Roth50,K5962,0
Roth50,ATCC_11296,0
Roth50,CFI_127_NDM1,0
Roth50,CFI_108_OXA181,0
Roth50,2660,0
Roth50,2619,0
Roth50,MDRT1,0
Roth50,2609,1
Roth50,49856,0
Roth50,CFI_131_KPC2,0
Roth50,MKP103,0
Roth50,46704,0
Roth50,45071,0
Roth50,NCTC_13438,0
Roth50,CFI_141_KPC3,0
Roth50,51851,1
Roth50,KLEB9,0
Roth50,L0549,0
Roth50,L0506,0
Roth50,KLEB6,0
Roth50,K6500,1
Roth50,K5864,0
Roth50,164121Y,0
Roth50,164358U,0
Roth50,L0593,0
Roth50,KLEB7,0
Roth50,RSUH15,0
Roth50,80528,0
Roth50,KLEB2,0
Roth50,MGH_78578,0
Roth50,KLEB10,0
Roth50,NCTC 7427,1
Roth50,KPUK02,0
Roth50,L0644,0
Roth50,163895Q,0
Roth50,L0747,0
Roth50,922221W,0
Roth50,L1522,0
Roth50,L0738,0
Roth50,TW3,0
Roth50,M6,0
Roth50,164125A,0
Roth50,K6310,0
Roth50,KLEB3,0
Roth50,KLEB4,0
Roth50,163862E,0
Roth50,L1392,0
Roth50,16,0
Roth50,CFI_110_OXA232,0
Roth50,CFI_119_OXA48,0
Roth50,CFI_147_OXA48,0
Roth50,CFI_118_NDM1,0
Roth50,CFI_134_NDM1,0
Roth50,KPUK01,0
Roth50,CFI_014_VIM4,1
Roth50,18,0
Roth50,CFI_128_NDM1,0
Roth50,KPUK04a,0
Roth50,NCTC_13443,0
Roth50,CFI_146_OXA48,0
Roth50,CFI_001_VIM1,0
Roth50,KLEB14,0
Roth50,KPTR8,0
Roth50,KLEB13,0
Roth08,KLEB11,0
Roth08,164413U12,0
Roth08,163575R,0
Roth08,NCTC_13368,0
Roth08,L0240,0
Roth08,KLEB12,0
Roth08,921530F,0
Roth08,1_1_55,1
Roth08,KLEB5,0
Roth08,4_1_44FAA,0
Roth08,K5962,0
Roth08,ATCC_11296,0
Roth08,CFI_127_NDM1,0
Roth08,CFI_108_OXA181,0
Roth08,2660,0
Roth08,2619,0
Roth08,MDRT1,1
Roth08,2609,0
Roth08,49856,1
Roth08,CFI_131_KPC2,0
Roth08,MKP103,0
Roth08,46704,0
Roth08,45071,0
Roth08,NCTC_13438,0
Roth08,CFI_141_KPC3,0
Roth08,51851,1
Roth08,KLEB9,0
Roth08,L0549,0
Roth08,L0506,1
Roth08,KLEB6,0
Roth08,K6500,1
Roth08,K5864,0
Roth08,164121Y,0
Roth08,164358U,0
Roth08,L0593,0
Roth08,KLEB7,0
Roth08,RSUH15,0
Roth08,80528,0
Roth08,KLEB2,0
Roth08,MGH_78578,0
Roth08,KLEB10,0
Roth08,NCTC 7427,1
Roth08,KPUK02,0
Roth08,L0644,0
Roth08,163895Q,0
Roth08,L0747,0
Roth08,922221W,0
Roth08,L1522,0
Roth08,L0738,0
Roth08,TW3,0
Roth08,M6,0
Roth08,164125A,1
Roth08,K6310,0
Roth08,KLEB3,0
Roth08,KLEB4,0
Roth08,L1392,0
Roth08,16,0
Roth08,CFI_110_OXA232,0
Roth08,CFI_119_OXA48,0
Roth08,CFI_147_OXA48,0
Roth08,CFI_118_NDM1,0
Roth08,CFI_134_NDM1,0
Roth08,KPUK01,0
Roth08,CFI_014_VIM4,1
Roth08,18,1
Roth08,CFI_128_NDM1,0
Roth08,KPUK04a,0
Roth08,NCTC_13443,0
Roth08,CFI_146_OXA48,0
Roth08,CFI_001_VIM1,0
Roth08,KLEB14,0
Roth08,KPTR8,0
Roth08,KLEB13,0
Roth74,KLEB11,0
Roth74,164413U12,0
Roth74,163575R,0
Roth74,NCTC_13368,0
Roth74,L0240,0
Roth74,KLEB12,0
Roth74,921530F,0
Roth74,1_1_55,0
Roth74,KLEB5,0
Roth74,4_1_44FAA,0
Roth74,K5962,0
Roth74,ATCC_11296,0
Roth74,CFI_127_NDM1,0
Roth74,CFI_108_OXA181,0
Roth74,2660,0
Roth74,2619,0
Roth74,MDRT1,1
Roth74,2609,0
Roth74,49856,0
Roth74,CFI_131_KPC2,0
Roth74,MKP103,0
Roth74,46704,0
Roth74,45071,0
Roth74,NCTC_13438,0
Roth74,CFI_141_KPC3,0
Roth74,51851,1
Roth74,KLEB9,0
Roth74,L0549,0
Roth74,L0506,1
Roth74,KLEB6,0
Roth74,K6500,1
Roth74,K5864,0
Roth74,164121Y,0
Roth74,164358U,0
Roth74,L0593,0
Roth74,KLEB7,0
Roth74,RSUH15,0
Roth74,80528,0
Roth74,KLEB2,0
Roth74,MGH_78578,0
Roth74,KLEB10,0
Roth74,NCTC 7427,1
Roth74,KPUK02,0
Roth74,L0644,0
Roth74,163895Q,0
Roth74,L0747,0
Roth74,922221W,0
Roth74,L1522,0
Roth74,L0738,0
Roth74,TW3,0
Roth74,M6,0
Roth74,164125A,0
Roth74,K6310,0
Roth74,KLEB3,0
Roth74,KLEB4,0
Roth74,163862E,1
Roth74,L1392,0
Roth74,16,0
Roth74,CFI_110_OXA232,0
Roth74,CFI_119_OXA48,0
Roth74,CFI_147_OXA48,0
Roth74,CFI_118_NDM1,0
Roth74,CFI_134_NDM1,0
Roth74,KPUK01,0
Roth74,CFI_014_VIM4,1
Roth74,18,1
Roth74,CFI_128_NDM1,0
Roth74,KPUK04a,0
Roth74,NCTC_13443,0
Roth74,CFI_146_OXA48,0
Roth74,CFI_001_VIM1,1
Roth74,KLEB14,0
Roth74,KPTR8,0
Roth74,KLEB13,0
Roth75,KLEB11,0
Roth75,164413U12,0
Roth75,163575R,0
Roth75,NCTC_13368,0
Roth75,L0240,0
Roth75,KLEB12,0
Roth75,921530F,0
Roth75,1_1_55,0
Roth75,KLEB5,0
Roth75,4_1_44FAA,0
Roth75,K5962,0
Roth75,ATCC_11296,0
Roth75,CFI_127_NDM1,0
Roth75,CFI_108_OXA181,0
Roth75,2660,0
Roth75,2619,0
Roth75,MDRT1,1
Roth75,2609,0
Roth75,49856,0
Roth75,CFI_131_KPC2,0
Roth75,MKP103,0
Roth75,46704,0
Roth75,45071,0
Roth75,NCTC_13438,0
Roth75,CFI_141_KPC3,0
Roth75,51851,1
Roth75,KLEB9,0
Roth75,L0549,0
Roth75,L0506,1
Roth75,KLEB6,0
Roth75,K6500,1
Roth75,K5864,0
Roth75,164121Y,0
Roth75,164358U,0
Roth75,L0593,0
Roth75,KLEB7,0
Roth75,RSUH15,0
Roth75,80528,0
Roth75,KLEB2,0
Roth75,MGH_78578,0
Roth75,KLEB10,0
Roth75,NCTC 7427,1
Roth75,KPUK02,0
Roth75,L0644,0
Roth75,163895Q,0
Roth75,L0747,0
Roth75,922221W,0
Roth75,L1522,0
Roth75,L0738,0
Roth75,TW3,0
Roth75,M6,0
Roth75,164125A,0
Roth75,K6310,0
Roth75,KLEB3,0
Roth75,KLEB4,0
Roth75,163862E,1
Roth75,L1392,0
Roth75,16,0
Roth75,CFI_110_OXA232,0
Roth75,CFI_119_OXA48,0
Roth75,CFI_147_OXA48,0
Roth75,CFI_118_NDM1,0
Roth75,CFI_134_NDM1,0
Roth75,KPUK01,0
Roth75,CFI_014_VIM4,1
Roth75,18,1
Roth75,CFI_128_NDM1,0
Roth75,KPUK04a,0
Roth75,NCTC_13443,0
Roth75,CFI_146_OXA48,0
Roth75,CFI_001_VIM1,1
Roth75,KLEB14,0
Roth75,KPTR8,0
Roth75,KLEB13,0
Roth42,KLEB11,0
Roth42,164413U12,0
Roth42,163575R,0
Roth42,NCTC_13368,0
Roth42,L0240,0
Roth42,KLEB12,0
Roth42,921530F,0
Roth42,1_1_55,0
Roth42,KLEB5,0
Roth42,4_1_44FAA,0
Roth42,K5962,0
Roth42,ATCC_11296,0
Roth42,CFI_127_NDM1,0
Roth42,CFI_108_OXA181,0
Roth42,2660,0
Roth42,2619,0
Roth42,MDRT1,1
Roth42,2609,0
Roth42,49856,0
Roth42,CFI_131_KPC2,0
Roth42,MKP103,0
Roth42,46704,0
Roth42,45071,0
Roth42,NCTC_13438,0
Roth42,CFI_141_KPC3,0
Roth42,51851,1
Roth42,KLEB9,0
Roth42,L0549,0
Roth42,L0506,1
Roth42,KLEB6,0
Roth42,K6500,1
Roth42,K5864,0
Roth42,164121Y,0
Roth42,164358U,0
Roth42,L0593,0
Roth42,KLEB7,0
Roth42,RSUH15,0
Roth42,80528,0
Roth42,KLEB2,0
Roth42,MGH_78578,0
Roth42,KLEB10,0
Roth42,NCTC 7427,1
Roth42,KPUK02,0
Roth42,L0644,0
Roth42,163895Q,0
Roth42,L0747,0
Roth42,922221W,0
Roth42,L1522,0
Roth42,L0738,0
Roth42,TW3,0
Roth42,M6,0
Roth42,164125A,1
Roth42,K6310,0
Roth42,KLEB3,0
Roth42,KLEB4,0
Roth42,163862E,1
Roth42,L1392,0
Roth42,16,0
Roth42,CFI_110_OXA232,0
Roth42,CFI_119_OXA48,0
Roth42,CFI_147_OXA48,0
Roth42,CFI_118_NDM1,0
Roth42,CFI_134_NDM1,1
Roth42,KPUK01,0
Roth42,CFI_014_VIM4,1
Roth42,18,1
Roth42,CFI_128_NDM1,0
Roth42,KPUK04a,0
Roth42,NCTC_13443,0
Roth42,CFI_146_OXA48,0
Roth42,CFI_001_VIM1,1
Roth42,KLEB14,0
Roth42,KPTR8,0
Roth42,KLEB13,0
Roth87,KLEB11,0
Roth87,164413U12,0
Roth87,163575R,0
Roth87,NCTC_13368,0
Roth87,L0240,0
Roth87,KLEB12,0
Roth87,921530F,0
Roth87,1_1_55,0
Roth87,KLEB5,0
Roth87,4_1_44FAA,0
Roth87,K5962,0
Roth87,ATCC_11296,0
Roth87,CFI_127_NDM1,0
Roth87,CFI_108_OXA181,0
Roth87,2660,0
Roth87,2619,0
Roth87,MDRT1,1
Roth87,2609,0
Roth87,49856,0
Roth87,MKP103,0
Roth87,46704,0
Roth87,45071,0
Roth87,NCTC_13438,0
Roth87,CFI_141_KPC3,0
Roth87,51851,1
Roth87,KLEB9,0
Roth87,L0549,0
Roth87,L0506,1
Roth87,KLEB6,0
Roth87,K6500,1
Roth87,K5864,0
Roth87,164121Y,0
Roth87,164358U,0
Roth87,L0593,0
Roth87,KLEB7,0
Roth87,RSUH15,0
Roth87,80528,0
Roth87,KLEB2,0
Roth87,MGH_78578,0
Roth87,KLEB10,0
Roth87,NCTC 7427,1
Roth87,KPUK02,0
Roth87,L0644,0
Roth87,163895Q,0
Roth87,L0747,0
Roth87,922221W,0
Roth87,L1522,0
Roth87,L0738,0
Roth87,TW3,0
Roth87,M6,0
Roth87,164125A,1
Roth87,K6310,0
Roth87,KLEB3,0
Roth87,KLEB4,0
Roth87,163862E,1
Roth87,L1392,0
Roth87,16,0
Roth87,CFI_110_OXA232,0
Roth87,CFI_119_OXA48,0
Roth87,CFI_147_OXA48,0
Roth87,CFI_118_NDM1,0
Roth87,CFI_134_NDM1,0
Roth87,KPUK01,0
Roth87,CFI_014_VIM4,1
Roth87,18,1
Roth87,CFI_128_NDM1,0
Roth87,KPUK04a,0
Roth87,NCTC_13443,0
Roth87,CFI_146_OXA48,0
Roth87,CFI_001_VIM1,1
Roth87,KLEB14,0
Roth87,KPTR8,0
Roth87,KLEB13,0
Roth24,KLEB11,0
Roth24,164413U12,0
Roth24,163575R,0
Roth24,NCTC_13368,0
Roth24,L0240,0
Roth24,KLEB12,0
Roth24,921530F,0
Roth24,1_1_55,0
Roth24,KLEB5,0
Roth24,4_1_44FAA,0
Roth24,K5962,0
Roth24,ATCC_11296,0
Roth24,CFI_127_NDM1,0
Roth24,CFI_108_OXA181,0
Roth24,2660,0
Roth24,2619,0
Roth24,MDRT1,1
Roth24,2609,0
Roth24,49856,0
Roth24,CFI_131_KPC2,0
Roth24,MKP103,0
Roth24,46704,0
Roth24,45071,0
Roth24,NCTC_13438,0
Roth24,CFI_141_KPC3,0
Roth24,51851,1
Roth24,KLEB9,0
Roth24,L0549,0
Roth24,L0506,1
Roth24,KLEB6,0
Roth24,K6500,1
Roth24,K5864,0
Roth24,164121Y,0
Roth24,164358U,0
Roth24,L0593,0
Roth24,KLEB7,0
Roth24,RSUH15,0
Roth24,80528,0
Roth24,KLEB2,0
Roth24,MGH_78578,0
Roth24,KLEB10,0
Roth24,NCTC 7427,1
Roth24,KPUK02,0
Roth24,L0644,0
Roth24,163895Q,0
Roth24,L0747,0
Roth24,922221W,0
Roth24,L1522,0
Roth24,L0738,0
Roth24,TW3,0
Roth24,M6,0
Roth24,164125A,0
Roth24,K6310,0
Roth24,KLEB4,0
Roth24,163862E,1
Roth24,L1392,0
Roth24,16,0
Roth24,CFI_110_OXA232,0
Roth24,CFI_119_OXA48,0
Roth24,CFI_147_OXA48,0
Roth24,CFI_118_NDM1,0
Roth24,CFI_134_NDM1,1
Roth24,KPUK01,0
Roth24,CFI_014_VIM4,1
Roth24,18,1
Roth24,CFI_128_NDM1,0
Roth24,KPUK04a,0
Roth24,NCTC_13443,0
Roth24,CFI_146_OXA48,0
Roth24,CFI_001_VIM1,1
Roth24,KLEB14,0
Roth24,KPTR8,0
Roth24,KLEB13,0
Roth30,KLEB11,0
Roth30,164413U12,0
Roth30,163575R,0
Roth30,NCTC_13368,0
Roth30,L0240,0
Roth30,KLEB12,0
Roth30,921530F,0
Roth30,1_1_55,0
Roth30,KLEB5,0
Roth30,4_1_44FAA,0
Roth30,K5962,0
Roth30,ATCC_11296,0
Roth30,CFI_127_NDM1,0
Roth30,CFI_108_OXA181,0
Roth30,2660,0
Roth30,2619,0
Roth30,MDRT1,1
Roth30,2609,0
Roth30,49856,0
Roth30,CFI_131_KPC2,0
Roth30,MKP103,0
Roth30,46704,0
Roth30,45071,0
Roth30,NCTC_13438,0
Roth30,CFI_141_KPC3,0
Roth30,51851,1
Roth30,KLEB9,0
Roth30,L0549,0
Roth30,L0506,1
Roth30,KLEB6,0
Roth30,K6500,1
Roth30,K5864,0
Roth30,164121Y,0
Roth30,164358U,0
Roth30,L0593,0
Roth30,KLEB7,0
Roth30,RSUH15,0
Roth30,80528,0
Roth30,KLEB2,0
Roth30,MGH_78578,0
Roth30,KLEB10,0
Roth30,NCTC 7427,1
Roth30,KPUK02,0
Roth30,L0644,0
Roth30,163895Q,0
Roth30,L0747,0
Roth30,922221W,0
Roth30,L1522,0
Roth30,L0738,0
Roth30,TW3,0
Roth30,M6,0
Roth30,164125A,0
Roth30,K6310,0
Roth30,KLEB3,0
Roth30,KLEB4,0
Roth30,163862E,1
Roth30,L1392,0
Roth30,16,0
Roth30,CFI_110_OXA232,0
Roth30,CFI_147_OXA48,0
Roth30,CFI_118_NDM1,0
Roth30,CFI_134_NDM1,1
Roth30,KPUK01,0
Roth30,CFI_014_VIM4,1
Roth30,18,1
Roth30,CFI_128_NDM1,0
Roth30,KPUK04a,0
Roth30,NCTC_13443,0
Roth30,CFI_146_OXA48,0
Roth30,CFI_001_VIM1,1
Roth30,KLEB14,0
Roth30,KPTR8,0
Roth30,KLEB13,0
Roth44,KLEB11,0
Roth44,164413U12,0
Roth44,163575R,0
Roth44,NCTC_13368,0
Roth44,L0240,0
Roth44,KLEB12,0
Roth44,921530F,0
Roth44,1_1_55,0
Roth44,KLEB5,0
Roth44,4_1_44FAA,0
Roth44,K5962,0
Roth44,ATCC_11296,0
Roth44,CFI_127_NDM1,0
Roth44,CFI_108_OXA181,0
Roth44,2660,0
Roth44,2619,0
Roth44,MDRT1,1
Roth44,2609,0
Roth44,49856,0
Roth44,CFI_131_KPC2,0
Roth44,MKP103,0
Roth44,46704,0
Roth44,45071,0
Roth44,NCTC_13438,0
Roth44,CFI_141_KPC3,0
Roth44,51851,1
Roth44,KLEB9,0
Roth44,L0549,0
Roth44,L0506,0
Roth44,KLEB6,0
Roth44,K6500,0
Roth44,K5864,0
Roth44,164121Y,0
Roth44,164358U,0
Roth44,L0593,0
Roth44,KLEB7,0
Roth44,RSUH15,0
Roth44,80528,0
Roth44,KLEB2,0
Roth44,MGH_78578,0
Roth44,KLEB10,0
Roth44,NCTC 7427,1
Roth44,KPUK02,0
Roth44,L0644,0
Roth44,163895Q,0
Roth44,L0747,0
Roth44,922221W,0
Roth44,L1522,0
Roth44,L0738,0
Roth44,TW3,0
Roth44,M6,0
Roth44,164125A,0
Roth44,K6310,0
Roth44,KLEB3,0
Roth44,KLEB4,0
Roth44,163862E,0
Roth44,L1392,0
Roth44,16,0
Roth44,CFI_110_OXA232,0
Roth44,CFI_119_OXA48,0
Roth44,CFI_147_OXA48,0
Roth44,CFI_118_NDM1,0
Roth44,CFI_134_NDM1,0
Roth44,KPUK01,0
Roth44,CFI_014_VIM4,1
Roth44,18,1
Roth44,CFI_128_NDM1,0
Roth44,KPUK04a,0
Roth44,NCTC_13443,0
Roth44,CFI_146_OXA48,0
Roth44,CFI_001_VIM1,0
Roth44,KLEB14,0
Roth44,KPTR8,0
Roth44,KLEB13,0
Roth71,KLEB11,0
Roth71,164413U12,0
Roth71,163575R,0
Roth71,NCTC_13368,0
Roth71,L0240,0
Roth71,KLEB12,0
Roth71,921530F,0
Roth71,1_1_55,0
Roth71,KLEB5,0
Roth71,4_1_44FAA,0
Roth71,K5962,1
Roth71,ATCC_11296,0
Roth71,CFI_127_NDM1,0
Roth71,CFI_108_OXA181,0
Roth71,2660,0
Roth71,2619,0
Roth71,MDRT1,1
Roth71,2609,0
Roth71,49856,0
Roth71,CFI_131_KPC2,0
Roth71,MKP103,0
Roth71,46704,0
Roth71,45071,0
Roth71,NCTC_13438,0
Roth71,CFI_141_KPC3,0
Roth71,51851,1
Roth71,KLEB9,0
Roth71,L0549,0
Roth71,L0506,1
Roth71,KLEB6,0
Roth71,K6500,1
Roth71,K5864,0
Roth71,164121Y,0
Roth71,164358U,0
Roth71,L0593,0
Roth71,KLEB7,0
Roth71,RSUH15,0
Roth71,80528,0
Roth71,KLEB2,0
Roth71,MGH_78578,0
Roth71,KLEB10,0
Roth71,NCTC 7427,1
Roth71,KPUK02,0
Roth71,L0644,0
Roth71,163895Q,0
Roth71,L0747,0
Roth71,922221W,0
Roth71,L1522,0
Roth71,L0738,0
Roth71,TW3,0
Roth71,M6,0
Roth71,164125A,1
Roth71,K6310,0
Roth71,KLEB3,0
Roth71,KLEB4,0
Roth71,163862E,0
Roth71,L1392,0
Roth71,16,0
Roth71,CFI_110_OXA232,0
Roth71,CFI_119_OXA48,0
Roth71,CFI_147_OXA48,0
Roth71,CFI_118_NDM1,0
Roth71,CFI_134_NDM1,0
Roth71,KPUK01,0
Roth71,CFI_014_VIM4,1
Roth71,18,0
Roth71,CFI_128_NDM1,0
Roth71,KPUK04a,0
Roth71,NCTC_13443,0
Roth71,CFI_146_OXA48,0
Roth71,CFI_001_VIM1,1
Roth71,KLEB14,0
Roth71,KPTR8,0
Roth71,KLEB13,0
Roth84,KLEB11,0
Roth84,164413U12,0
Roth84,163575R,0
Roth84,NCTC_13368,0
Roth84,L0240,0
Roth84,KLEB12,0
Roth84,921530F,0
Roth84,1_1_55,0
Roth84,KLEB5,0
Roth84,4_1_44FAA,0
Roth84,K5962,0
Roth84,ATCC_11296,0
Roth84,CFI_127_NDM1,0
Roth84,CFI_108_OXA181,0
Roth84,2660,0
Roth84,2619,0
Roth84,MDRT1,1
Roth84,2609,0
Roth84,49856,0
Roth84,CFI_131_KPC2,0
Roth84,MKP103,0
Roth84,46704,0
Roth84,45071,0
Roth84,NCTC_13438,0
Roth84,CFI_141_KPC3,0
Roth84,51851,1
Roth84,KLEB9,0
Roth84,L0549,0
Roth84,L0506,1
Roth84,KLEB6,0
Roth84,K6500,1
Roth84,K5864,0
Roth84,164121Y,0
Roth84,164358U,0
Roth84,L0593,0
Roth84,KLEB7,0
Roth84,RSUH15,0
Roth84,80528,0
Roth84,KLEB2,0
Roth84,MGH_78578,0
Roth84,KLEB10,0
Roth84,NCTC 7427,1
Roth84,KPUK02,0
Roth84,L0644,0
Roth84,163895Q,0
Roth84,L0747,0
Roth84,922221W,0
Roth84,L1522,0
Roth84,L0738,0
Roth84,TW3,0
Roth84,M6,0
Roth84,164125A,1
Roth84,K6310,0
Roth84,KLEB3,0
Roth84,KLEB4,0
Roth84,163862E,0
Roth84,L1392,0
Roth84,16,0
Roth84,CFI_110_OXA232,0
Roth84,CFI_119_OXA48,0
Roth84,CFI_147_OXA48,0
Roth84,CFI_118_NDM1,0
Roth84,CFI_134_NDM1,1
Roth84,KPUK01,0
Roth84,CFI_014_VIM4,1
Roth84,18,0
Roth84,CFI_128_NDM1,0
Roth84,KPUK04a,0
Roth84,NCTC_13443,0
Roth84,CFI_146_OXA48,0
Roth84,CFI_001_VIM1,1
Roth84,KLEB14,0
Roth84,KPTR8,0
Roth84,KLEB13,0
Roth10,KLEB11,0
Roth10,164413U12,0
Roth10,163575R,0
Roth10,NCTC_13368,0
Roth10,L0240,0
Roth10,KLEB12,0
Roth10,921530F,0
Roth10,1_1_55,1
Roth10,KLEB5,0
Roth10,4_1_44FAA,0
Roth10,K5962,0
Roth10,ATCC_11296,0
Roth10,CFI_127_NDM1,0
Roth10,CFI_108_OXA181,0
Roth10,2660,0
Roth10,2619,0
Roth10,MDRT1,1
Roth10,2609,0
Roth10,49856,0
Roth10,CFI_131_KPC2,0
Roth10,MKP103,0
Roth10,46704,0
Roth10,45071,0
Roth10,NCTC_13438,0
Roth10,CFI_141_KPC3,0
Roth10,51851,1
Roth10,KLEB9,0
Roth10,L0549,0
Roth10,L0506,1
Roth10,KLEB6,0
Roth10,K6500,1
Roth10,K5864,0
Roth10,164121Y,0
Roth10,164358U,0
Roth10,L0593,0
Roth10,KLEB7,0
Roth10,RSUH15,0
Roth10,80528,0
Roth10,KLEB2,0
Roth10,MGH_78578,0
Roth10,KLEB10,0
Roth10,NCTC 7427,1
Roth10,KPUK02,0
Roth10,L0644,0
Roth10,163895Q,0
Roth10,L0747,0
Roth10,922221W,0
Roth10,L1522,0
Roth10,L0738,0
Roth10,TW3,0
Roth10,M6,0
Roth10,164125A,1
Roth10,K6310,0
Roth10,KLEB3,0
Roth10,KLEB4,0
Roth10,163862E,0
Roth10,L1392,0
Roth10,16,0
Roth10,CFI_110_OXA232,0
Roth10,CFI_119_OXA48,0
Roth10,CFI_147_OXA48,0
Roth10,CFI_118_NDM1,0
Roth10,CFI_134_NDM1,1
Roth10,KPUK01,0
Roth10,CFI_014_VIM4,1
Roth10,18,0
Roth10,CFI_128_NDM1,0
Roth10,KPUK04a,0
Roth10,NCTC_13443,0
Roth10,CFI_146_OXA48,0
Roth10,CFI_001_VIM1,1
Roth10,KLEB14,0
Roth10,KPTR8,0
Roth10,KLEB13,0
Roth83,KLEB11,0
Roth83,164413U12,1
Roth83,163575R,0
Roth83,NCTC_13368,0
Roth83,L0240,0
Roth83,KLEB12,0
Roth83,921530F,0
Roth83,1_1_55,0
Roth83,KLEB5,0
Roth83,4_1_44FAA,0
Roth83,K5962,0
Roth83,ATCC_11296,0
Roth83,CFI_127_NDM1,0
Roth83,CFI_108_OXA181,0
Roth83,2660,0
Roth83,2619,0
Roth83,MDRT1,1
Roth83,2609,0
Roth83,49856,0
Roth83,CFI_131_KPC2,0
Roth83,MKP103,0
Roth83,46704,0
Roth83,45071,0
Roth83,NCTC_13438,0
Roth83,CFI_141_KPC3,0
Roth83,51851,1
Roth83,KLEB9,0
Roth83,L0549,0
Roth83,L0506,1
Roth83,KLEB6,0
Roth83,K6500,1
Roth83,K5864,0
Roth83,164121Y,0
Roth83,164358U,0
Roth83,L0593,0
Roth83,KLEB7,0
Roth83,RSUH15,0
Roth83,80528,0
Roth83,KLEB2,0
Roth83,MGH_78578,0
Roth83,KLEB10,0
Roth83,NCTC 7427,1
Roth83,KPUK02,0
Roth83,L0644,0
Roth83,163895Q,0
Roth83,L0747,0
Roth83,922221W,0
Roth83,L1522,0
Roth83,L0738,0
Roth83,TW3,0
Roth83,M6,0
Roth83,164125A,1
Roth83,K6310,0
Roth83,KLEB3,0
Roth83,KLEB4,0
Roth83,L1392,0
Roth83,16,0
Roth83,CFI_110_OXA232,0
Roth83,CFI_119_OXA48,0
Roth83,CFI_147_OXA48,0
Roth83,CFI_118_NDM1,0
Roth83,CFI_134_NDM1,1
Roth83,KPUK01,0
Roth83,CFI_014_VIM4,1
Roth83,18,0
Roth83,CFI_128_NDM1,0
Roth83,KPUK04a,0
Roth83,NCTC_13443,0
Roth83,CFI_146_OXA48,0
Roth83,CFI_001_VIM1,1
Roth83,KLEB14,0
Roth83,KPTR8,0
Roth83,KLEB13,0
Roth09,KLEB11,0
Roth09,164413U12,0
Roth09,163575R,0
Roth09,NCTC_13368,0
Roth09,L0240,0
Roth09,KLEB12,0
Roth09,921530F,0
Roth09,1_1_55,0
Roth09,KLEB5,0
Roth09,4_1_44FAA,0
Roth09,K5962,0
Roth09,ATCC_11296,0
Roth09,CFI_127_NDM1,0
Roth09,CFI_108_OXA181,0
Roth09,2660,0
Roth09,2619,0
Roth09,MDRT1,1
Roth09,2609,0
Roth09,49856,0
Roth09,CFI_131_KPC2,0
Roth09,MKP103,0
Roth09,46704,0
Roth09,45071,0
Roth09,NCTC_13438,0
Roth09,CFI_141_KPC3,0
Roth09,51851,1
Roth09,KLEB9,0
Roth09,L0549,0
Roth09,L0506,1
Roth09,KLEB6,0
Roth09,K6500,1
Roth09,K5864,0
Roth09,164121Y,0
Roth09,164358U,0
Roth09,L0593,0
Roth09,KLEB7,0
Roth09,RSUH15,0
Roth09,80528,0
Roth09,KLEB2,0
Roth09,MGH_78578,0
Roth09,KLEB10,0
Roth09,NCTC 7427,1
Roth09,KPUK02,0
Roth09,L0644,0
Roth09,163895Q,0
Roth09,L0747,0
Roth09,922221W,0
Roth09,L1522,0
Roth09,L0738,0
Roth09,TW3,0
Roth09,M6,0
Roth09,164125A,1
Roth09,K6310,0
Roth09,KLEB3,0
Roth09,KLEB4,0
Roth09,163862E,0
Roth09,L1392,0
Roth09,16,0
Roth09,CFI_110_OXA232,0
Roth09,CFI_119_OXA48,0
Roth09,CFI_147_OXA48,0
Roth09,CFI_118_NDM1,0
Roth09,CFI_134_NDM1,1
Roth09,KPUK01,0
Roth09,CFI_014_VIM4,1
Roth09,18,0
Roth09,CFI_128_NDM1,0
Roth09,KPUK04a,0
Roth09,NCTC_13443,0
Roth09,CFI_146_OXA48,0
Roth09,CFI_001_VIM1,1
Roth09,KLEB14,0
Roth09,KPTR8,0
Roth09,KLEB13,0
Roth93,KLEB11,0
Roth93,163575R,0
Roth93,NCTC_13368,0
Roth93,L0240,0
Roth93,921530F,0
Roth93,1_1_55,0
Roth93,KLEB5,0
Roth93,4_1_44FAA,0
Roth93,K5962,0
Roth93,ATCC_11296,0
Roth93,CFI_127_NDM1,0
Roth93,CFI_108_OXA181,0
Roth93,2660,0
Roth93,2619,0
Roth93,MDRT1,1
Roth93,2609,0
Roth93,49856,0
Roth93,CFI_131_KPC2,0
Roth93,MKP103,0
Roth93,46704,0
Roth93,45071,0
Roth93,NCTC_13438,0
Roth93,CFI_141_KPC3,0
Roth93,51851,1
Roth93,KLEB9,0
Roth93,L0549,0
Roth93,L0506,1
Roth93,KLEB6,0
Roth93,K6500,1
Roth93,K5864,0
Roth93,164121Y,0
Roth93,164358U,0
Roth93,L0593,0
Roth93,KLEB7,0
Roth93,RSUH15,0
Roth93,80528,0
Roth93,KLEB2,0
Roth93,MGH_78578,0
Roth93,KLEB10,0
Roth93,NCTC 7427,1
Roth93,KPUK02,0
Roth93,L0644,0
Roth93,163895Q,0
Roth93,L0747,0
Roth93,922221W,0
Roth93,L1522,1
Roth93,L0738,0
Roth93,TW3,0
Roth93,M6,0
Roth93,164125A,1
Roth93,K6310,0
Roth93,KLEB3,0
Roth93,KLEB4,0
Roth93,L1392,0
Roth93,16,0
Roth93,CFI_110_OXA232,0
Roth93,CFI_119_OXA48,0
Roth93,CFI_147_OXA48,0
Roth93,CFI_118_NDM1,0
Roth93,CFI_134_NDM1,1
Roth93,KPUK01,0
Roth93,CFI_014_VIM4,1
Roth93,18,1
Roth93,CFI_128_NDM1,0
Roth93,KPUK04a,0
Roth93,NCTC_13443,0
Roth93,CFI_146_OXA48,0
Roth93,CFI_001_VIM1,1
Roth93,KLEB14,0
Roth93,KPTR8,0
Roth93,KLEB13,0
Roth85,KLEB11,0
Roth85,164413U12,0
Roth85,163575R,0
Roth85,NCTC_13368,0
Roth85,L0240,0
Roth85,KLEB12,0
Roth85,921530F,0
Roth85,1_1_55,0
Roth85,KLEB5,0
Roth85,4_1_44FAA,0
Roth85,K5962,0
Roth85,ATCC_11296,0
Roth85,CFI_127_NDM1,0
Roth85,CFI_108_OXA181,0
Roth85,2660,0
Roth85,2619,0
Roth85,MDRT1,1
Roth85,2609,0
Roth85,49856,0
Roth85,CFI_131_KPC2,0
Roth85,MKP103,0
Roth85,46704,0
Roth85,45071,0
Roth85,NCTC_13438,0
Roth85,CFI_141_KPC3,0
Roth85,51851,1
Roth85,KLEB9,0
Roth85,L0549,0
Roth85,L0506,1
Roth85,KLEB6,0
Roth85,K6500,1
Roth85,K5864,0
Roth85,164121Y,0
Roth85,164358U,0
Roth85,L0593,0
Roth85,KLEB7,0
Roth85,RSUH15,0
Roth85,80528,0
Roth85,KLEB2,0
Roth85,MGH_78578,0
Roth85,KLEB10,0
Roth85,NCTC 7427,1
Roth85,KPUK02,0
Roth85,L0644,0
Roth85,163895Q,0
Roth85,L0747,0
Roth85,922221W,0
Roth85,L1522,0
Roth85,L0738,0
Roth85,TW3,0
Roth85,M6,0
Roth85,164125A,1
Roth85,K6310,0
Roth85,KLEB3,0
Roth85,KLEB4,0
Roth85,163862E,0
Roth85,L1392,0
Roth85,16,0
Roth85,CFI_110_OXA232,0
Roth85,CFI_119_OXA48,0
Roth85,CFI_147_OXA48,0
Roth85,CFI_118_NDM1,0
Roth85,CFI_134_NDM1,1
Roth85,KPUK01,0
Roth85,CFI_014_VIM4,1
Roth85,18,0
Roth85,CFI_128_NDM1,0
Roth85,KPUK04a,0
Roth85,NCTC_13443,0
Roth85,CFI_146_OXA48,0
Roth85,CFI_001_VIM1,1
Roth85,KLEB14,0
Roth85,KPTR8,0
Roth85,KLEB13,0
Roth61,KLEB11,0
Roth61,164413U12,0
Roth61,163575R,0
Roth61,NCTC_13368,0
Roth61,L0240,0
Roth61,KLEB12,0
Roth61,921530F,0
Roth61,1_1_55,0
Roth61,KLEB5,0
Roth61,4_1_44FAA,0
Roth61,K5962,0
Roth61,ATCC_11296,0
Roth61,CFI_127_NDM1,0
Roth61,CFI_108_OXA181,0
Roth61,2660,0
Roth61,2619,0
Roth61,MDRT1,1
Roth61,2609,0
Roth61,49856,0
Roth61,CFI_131_KPC2,0
Roth61,MKP103,0
Roth61,46704,0
Roth61,45071,0
Roth61,NCTC_13438,0
Roth61,CFI_141_KPC3,0
Roth61,51851,1
Roth61,KLEB9,0
Roth61,L0549,0
Roth61,L0506,1
Roth61,KLEB6,0
Roth61,K6500,1
Roth61,K5864,0
Roth61,164121Y,0
Roth61,164358U,0
Roth61,L0593,0
Roth61,KLEB7,0
Roth61,RSUH15,0
Roth61,80528,0
Roth61,KLEB2,0
Roth61,MGH_78578,0
Roth61,KLEB10,0
Roth61,NCTC 7427,1
Roth61,KPUK02,0
Roth61,L0644,0
Roth61,163895Q,0
Roth61,L0747,0
Roth61,922221W,0
Roth61,L1522,0
Roth61,L0738,0
Roth61,TW3,0
Roth61,M6,0
Roth61,164125A,1
Roth61,K6310,0
Roth61,KLEB3,0
Roth61,KLEB4,0
Roth61,163862E,0
Roth61,L1392,0
Roth61,16,0
Roth61,CFI_110_OXA232,0
Roth61,CFI_119_OXA48,0
Roth61,CFI_147_OXA48,0
Roth61,CFI_118_NDM1,0
Roth61,CFI_134_NDM1,0
Roth61,KPUK01,0
Roth61,CFI_014_VIM4,1
Roth61,18,0
Roth61,CFI_128_NDM1,0
Roth61,KPUK04a,0
Roth61,NCTC_13443,0
Roth61,CFI_146_OXA48,0
Roth61,CFI_001_VIM1,1
Roth61,KLEB14,0
Roth61,KPTR8,0
Roth61,KLEB13,0
Roth47,KLEB11,0
Roth47,164413U12,0
Roth47,163575R,0
Roth47,NCTC_13368,0
Roth47,L0240,0
Roth47,KLEB12,0
Roth47,921530F,0
Roth47,1_1_55,0
Roth47,KLEB5,0
Roth47,4_1_44FAA,0
Roth47,K5962,0
Roth47,ATCC_11296,0
Roth47,CFI_127_NDM1,0
Roth47,CFI_108_OXA181,0
Roth47,2660,0
Roth47,2619,0
Roth47,MDRT1,1
Roth47,2609,0
Roth47,49856,0
Roth47,CFI_131_KPC2,0
Roth47,MKP103,0
Roth47,46704,0
Roth47,45071,0
Roth47,NCTC_13438,0
Roth47,CFI_141_KPC3,0
Roth47,51851,1
Roth47,KLEB9,0
Roth47,L0549,0
Roth47,L0506,1
Roth47,KLEB6,0
Roth47,K6500,1
Roth47,K5864,0
Roth47,164121Y,0
Roth47,164358U,0
Roth47,L0593,0
Roth47,KLEB7,0
Roth47,RSUH15,0
Roth47,80528,0
Roth47,KLEB2,0
Roth47,MGH_78578,0
Roth47,KLEB10,0
Roth47,NCTC 7427,1
Roth47,KPUK02,0
Roth47,L0644,0
Roth47,163895Q,0
Roth47,L0747,0
Roth47,922221W,0
Roth47,L1522,0
Roth47,L0738,0
Roth47,TW3,0
Roth47,M6,0
Roth47,164125A,1
Roth47,K6310,0
Roth47,KLEB3,0
Roth47,KLEB4,1
Roth47,L1392,0
Roth47,16,0
Roth47,CFI_110_OXA232,0
Roth47,CFI_119_OXA48,0
Roth47,CFI_147_OXA48,0
Roth47,CFI_118_NDM1,0
Roth47,CFI_134_NDM1,1
Roth47,KPUK01,0
Roth47,CFI_014_VIM4,1
Roth47,18,0
Roth47,CFI_128_NDM1,0
Roth47,KPUK04a,0
Roth47,NCTC_13443,0
Roth47,CFI_146_OXA48,0
Roth47,CFI_001_VIM1,1
Roth47,KLEB14,0
Roth47,KPTR8,0
Roth47,KLEB13,0
Roth96,KLEB11,0
Roth96,163575R,0
Roth96,NCTC_13368,0
Roth96,L0240,0
Roth96,921530F,0
Roth96,1_1_55,0
Roth96,KLEB5,0
Roth96,4_1_44FAA,0
Roth96,K5962,0
Roth96,ATCC_11296,0
Roth96,CFI_127_NDM1,0
Roth96,2660,0
Roth96,2619,0
Roth96,MDRT1,1
Roth96,2609,0
Roth96,49856,0
Roth96,CFI_131_KPC2,0
Roth96,MKP103,0
Roth96,46704,0
Roth96,45071,0
Roth96,NCTC_13438,0
Roth96,CFI_141_KPC3,0
Roth96,51851,1
Roth96,KLEB9,0
Roth96,L0549,0
Roth96,L0506,1
Roth96,KLEB6,0
Roth96,K6500,1
Roth96,K5864,0
Roth96,164121Y,0
Roth96,164358U,0
Roth96,L0593,0
Roth96,KLEB7,0
Roth96,RSUH15,0
Roth96,80528,0
Roth96,KLEB2,0
Roth96,MGH_78578,0
Roth96,KLEB10,0
Roth96,NCTC 7427,1
Roth96,KPUK02,0
Roth96,L0644,0
Roth96,163895Q,0
Roth96,L0747,0
Roth96,922221W,0
Roth96,L1522,0
Roth96,L0738,0
Roth96,TW3,0
Roth96,M6,0
Roth96,164125A,1
Roth96,K6310,0
Roth96,KLEB3,0
Roth96,KLEB4,0
Roth96,L1392,0
Roth96,16,0
Roth96,CFI_110_OXA232,0
Roth96,CFI_119_OXA48,0
Roth96,CFI_147_OXA48,0
Roth96,CFI_118_NDM1,0
Roth96,CFI_134_NDM1,1
Roth96,KPUK01,0
Roth96,CFI_014_VIM4,1
Roth96,18,0
Roth96,CFI_128_NDM1,0
Roth96,KPUK04a,0
Roth96,NCTC_13443,0
Roth96,CFI_146_OXA48,0
Roth96,CFI_001_VIM1,1
Roth96,KLEB14,0
Roth96,KPTR8,0
Roth96,KLEB13,0
Roth72,KLEB11,0
Roth72,164413U12,0
Roth72,163575R,0
Roth72,NCTC_13368,0
Roth72,L0240,0
Roth72,KLEB12,0
Roth72,921530F,0
Roth72,1_1_55,0
Roth72,KLEB5,0
Roth72,4_1_44FAA,0
Roth72,K5962,0
Roth72,ATCC_11296,0
Roth72,CFI_127_NDM1,0
Roth72,CFI_108_OXA181,0
Roth72,2660,0
Roth72,2619,0
Roth72,MDRT1,1
Roth72,2609,0
Roth72,49856,0
Roth72,CFI_131_KPC2,0
Roth72,MKP103,0
Roth72,46704,0
Roth72,45071,0
Roth72,NCTC_13438,0
Roth72,CFI_141_KPC3,0
Roth72,51851,1
Roth72,KLEB9,0
Roth72,L0549,0
Roth72,L0506,1
Roth72,KLEB6,0
Roth72,K6500,1
Roth72,K5864,0
Roth72,164121Y,0
Roth72,164358U,0
Roth72,L0593,0
Roth72,KLEB7,0
Roth72,RSUH15,0
Roth72,80528,0
Roth72,KLEB2,0
Roth72,MGH_78578,0
Roth72,KLEB10,0
Roth72,NCTC 7427,1
Roth72,KPUK02,0
Roth72,L0644,0
Roth72,163895Q,0
Roth72,L0747,0
Roth72,922221W,0
Roth72,L1522,0
Roth72,L0738,0
Roth72,TW3,0
Roth72,M6,0
Roth72,164125A,1
Roth72,K6310,0
Roth72,KLEB3,0
Roth72,KLEB4,0
Roth72,163862E,0
Roth72,L1392,0
Roth72,16,0
Roth72,CFI_110_OXA232,0
Roth72,CFI_119_OXA48,0
Roth72,CFI_147_OXA48,0
Roth72,CFI_118_NDM1,0
Roth72,CFI_134_NDM1,1
Roth72,KPUK01,0
Roth72,CFI_014_VIM4,1
Roth72,18,0
Roth72,CFI_128_NDM1,0
Roth72,KPUK04a,0
Roth72,NCTC_13443,0
Roth72,CFI_146_OXA48,0
Roth72,CFI_001_VIM1,1
Roth72,KLEB14,0
Roth72,KPTR8,0
Roth72,KLEB13,0
RothD,KLEB11,0
RothD,164413U12,0
RothD,163575R,0
RothD,NCTC_13368,0
RothD,L0240,1
RothD,KLEB12,0
RothD,921530F,0
RothD,1_1_55,0
RothD,KLEB5,0
RothD,4_1_44FAA,0
RothD,K5962,0
RothD,ATCC_11296,1
RothD,CFI_127_NDM1,0
RothD,CFI_108_OXA181,0
RothD,2660,0
RothD,2619,0
RothD,MDRT1,0
RothD,2609,0
RothD,49856,0
RothD,CFI_131_KPC2,0
RothD,MKP103,0
RothD,46704,0
RothD,45071,0
RothD,NCTC_13438,0
RothD,CFI_141_KPC3,0
RothD,51851,0
RothD,KLEB9,0
RothD,L0549,0
RothD,L0506,0
RothD,KLEB6,0
RothD,K6500,0
RothD,K5864,0
RothD,164121Y,0
RothD,164358U,0
RothD,L0593,0
RothD,KLEB7,0
RothD,RSUH15,0
RothD,80528,1
RothD,KLEB2,0
RothD,MGH_78578,0
RothD,KLEB10,0
RothD,NCTC 7427,0
RothD,KPUK02,0
RothD,L0644,0
RothD,163895Q,0
RothD,L0747,0
RothD,922221W,0
RothD,L1522,0
RothD,L0738,0
RothD,TW3,0
RothD,M6,0
RothD,164125A,0
RothD,K6310,0
RothD,KLEB3,0
RothD,KLEB4,0
RothD,163862E,0
RothD,L1392,0
RothD,16,0
RothD,CFI_110_OXA232,0
RothD,CFI_119_OXA48,0
RothD,CFI_147_OXA48,0
RothD,CFI_118_NDM1,0
RothD,CFI_134_NDM1,0
RothD,KPUK01,0
RothD,CFI_014_VIM4,0
RothD,18,0
RothD,CFI_128_NDM1,0
RothD,KPUK04a,0
RothD,NCTC_13443,0
RothD,CFI_146_OXA48,0
RothD,CFI_001_VIM1,0
RothD,KLEB14,0
RothD,KPTR8,0
RothD,KLEB13,0
Roth32,KLEB11,0
Roth32,164413U12,0
Roth32,163575R,0
Roth32,NCTC_13368,0
Roth32,L0240,0
Roth32,KLEB12,0
Roth32,921530F,0
Roth32,1_1_55,0
Roth32,KLEB5,0
Roth32,4_1_44FAA,0
Roth32,K5962,0
Roth32,ATCC_11296,0
Roth32,CFI_127_NDM1,0
Roth32,CFI_108_OXA181,0
Roth32,2660,0
Roth32,2619,0
Roth32,MDRT1,1
Roth32,2609,0
Roth32,49856,0
Roth32,CFI_131_KPC2,0
Roth32,MKP103,0
Roth32,46704,0
Roth32,45071,0
Roth32,NCTC_13438,0
Roth32,CFI_141_KPC3,0
Roth32,51851,0
Roth32,KLEB9,0
Roth32,L0549,0
Roth32,L0506,0
Roth32,KLEB6,0
Roth32,K6500,0
Roth32,K5864,0
Roth32,164121Y,0
Roth32,164358U,0
Roth32,L0593,0
Roth32,KLEB7,0
Roth32,RSUH15,0
Roth32,80528,0
Roth32,KLEB2,0
Roth32,MGH_78578,0
Roth32,KLEB10,0
Roth32,NCTC 7427,0
Roth32,KPUK02,0
Roth32,L0644,0
Roth32,163895Q,0
Roth32,L0747,0
Roth32,922221W,0
Roth32,L1522,0
Roth32,L0738,0
Roth32,TW3,0
Roth32,M6,1
Roth32,164125A,0
Roth32,K6310,0
Roth32,KLEB3,0
Roth32,KLEB4,0
Roth32,163862E,0
Roth32,L1392,0
Roth32,16,0
Roth32,CFI_110_OXA232,0
Roth32,CFI_119_OXA48,0
Roth32,CFI_147_OXA48,0
Roth32,CFI_118_NDM1,0
Roth32,CFI_134_NDM1,0
Roth32,KPUK01,0
Roth32,CFI_014_VIM4,0
Roth32,18,0
Roth32,CFI_128_NDM1,0
Roth32,KPUK04a,0
Roth32,NCTC_13443,0
Roth32,CFI_146_OXA48,0
Roth32,CFI_001_VIM1,0
Roth32,KLEB14,0
Roth32,KPTR8,0
Roth32,KLEB13,0
RothG,KLEB11,0
RothG,164413U12,0
RothG,163575R,0
RothG,NCTC_13368,0
RothG,L0240,1
RothG,KLEB12,0
RothG,921530F,0
RothG,1_1_55,0
RothG,KLEB5,0
RothG,4_1_44FAA,0
RothG,K5962,0
RothG,ATCC_11296,1
RothG,CFI_127_NDM1,0
RothG,CFI_108_OXA181,0
RothG,2660,0
RothG,2619,0
RothG,MDRT1,0
RothG,2609,0
RothG,49856,0
RothG,CFI_131_KPC2,0
RothG,MKP103,0
RothG,46704,0
RothG,45071,0
RothG,NCTC_13438,0
RothG,CFI_141_KPC3,0
RothG,51851,0
RothG,KLEB9,0
RothG,L0549,0
RothG,L0506,0
RothG,KLEB6,0
RothG,K6500,0
RothG,K5864,0
RothG,164121Y,0
RothG,164358U,0
RothG,L0593,0
RothG,KLEB7,0
RothG,RSUH15,1
RothG,KLEB2,0
RothG,MGH_78578,0
RothG,NCTC 7427,0
RothG,KPUK02,0
RothG,L0644,0
RothG,163895Q,0
RothG,L0747,0
RothG,922221W,0
RothG,L1522,0
RothG,L0738,0
RothG,TW3,0
RothG,M6,0
RothG,164125A,0
RothG,K6310,0
RothG,KLEB3,0
RothG,KLEB4,0
RothG,163862E,0
RothG,L1392,0
RothG,16,0
RothG,CFI_110_OXA232,0
RothG,CFI_119_OXA48,0
RothG,CFI_147_OXA48,0
RothG,CFI_118_NDM1,0
RothG,CFI_134_NDM1,0
RothG,KPUK01,0
RothG,CFI_014_VIM4,0
RothG,18,0
RothG,CFI_128_NDM1,0
RothG,KPUK04a,0
RothG,NCTC_13443,0
RothG,CFI_146_OXA48,0
RothG,CFI_001_VIM1,0
RothG,KLEB14,0
RothG,KPTR8,0
RothG,KLEB13,0
RothJ,KLEB11,0
RothJ,164413U12,0
RothJ,163575R,0
RothJ,NCTC_13368,0
RothJ,KLEB12,0
RothJ,921530F,0
RothJ,1_1_55,0
RothJ,KLEB5,0
RothJ,4_1_44FAA,0
RothJ,K5962,0
RothJ,CFI_127_NDM1,0
RothJ,CFI_108_OXA181,0
RothJ,2660,0
RothJ,2619,0
RothJ,MDRT1,0
RothJ,2609,0
RothJ,49856,0
RothJ,CFI_131_KPC2,0
RothJ,MKP103,0
RothJ,46704,0
RothJ,45071,0
RothJ,NCTC_13438,0
RothJ,CFI_141_KPC3,0
RothJ,51851,0
RothJ,KLEB9,0
RothJ,L0549,0
RothJ,L0506,0
RothJ,KLEB6,0
RothJ,K6500,0
RothJ,K5864,0
RothJ,164121Y,0
RothJ,164358U,0
RothJ,L0593,0
RothJ,KLEB7,0
RothJ,RSUH15,1
RothJ,KLEB2,0
RothJ,MGH_78578,0
RothJ,KLEB10,0
RothJ,NCTC 7427,0
RothJ,KPUK02,0
RothJ,L0644,0
RothJ,163895Q,0
RothJ,L0747,0
RothJ,922221W,0
RothJ,L1522,0
RothJ,L0738,0
RothJ,TW3,0
RothJ,M6,0
RothJ,164125A,0
RothJ,K6310,0
RothJ,KLEB3,0
RothJ,KLEB4,0
RothJ,163862E,0
RothJ,L1392,0
RothJ,16,0
RothJ,CFI_110_OXA232,0
RothJ,CFI_119_OXA48,0
RothJ,CFI_147_OXA48,0
RothJ,CFI_118_NDM1,0
RothJ,CFI_134_NDM1,0
RothJ,KPUK01,0
RothJ,CFI_014_VIM4,0
RothJ,18,0
RothJ,CFI_128_NDM1,0
RothJ,KPUK04a,0
RothJ,NCTC_13443,0
RothJ,CFI_146_OXA48,0
RothJ,CFI_001_VIM1,0
RothJ,KLEB14,0
RothJ,KPTR8,0
RothJ,KLEB13,0
RothI,KLEB11,0
RothI,164413U12,0
RothI,163575R,0
RothI,NCTC_13368,0
RothI,L0240,0
RothI,KLEB12,0
RothI,921530F,0
RothI,1_1_55,0
RothI,KLEB5,0
RothI,4_1_44FAA,0
RothI,K5962,0
RothI,ATCC_11296,1
RothI,CFI_127_NDM1,0
RothI,CFI_108_OXA181,0
RothI,2660,0
RothI,2619,0
RothI,MDRT1,0
RothI,2609,0
RothI,49856,0
RothI,CFI_131_KPC2,0
RothI,MKP103,0
RothI,46704,0
RothI,45071,0
RothI,NCTC_13438,0
RothI,CFI_141_KPC3,0
RothI,51851,0
RothI,KLEB9,0
RothI,L0549,0
RothI,L0506,0
RothI,KLEB6,0
RothI,K6500,0
RothI,K5864,0
RothI,164121Y,0
RothI,164358U,0
RothI,L0593,0
RothI,KLEB7,0
RothI,RSUH15,1
RothI,80528,0
RothI,KLEB2,0
RothI,MGH_78578,0
RothI,KLEB10,0
RothI,NCTC 7427,0
RothI,KPUK02,0
RothI,L0644,0
RothI,163895Q,0
RothI,L0747,0
RothI,922221W,0
RothI,L1522,0
RothI,L0738,0
RothI,TW3,0
RothI,M6,0
RothI,164125A,0
RothI,K6310,0
RothI,KLEB3,0
RothI,KLEB4,0
RothI,163862E,0
RothI,L1392,0
RothI,16,0
RothI,CFI_110_OXA232,0
RothI,CFI_119_OXA48,0
RothI,CFI_147_OXA48,0
RothI,CFI_118_NDM1,0
RothI,CFI_134_NDM1,0
RothI,KPUK01,0
RothI,CFI_014_VIM4,0
RothI,18,0
RothI,CFI_128_NDM1,0
RothI,KPUK04a,0
RothI,NCTC_13443,0
RothI,CFI_146_OXA48,0
RothI,CFI_001_VIM1,0
RothI,KLEB14,0
RothI,KPTR8,0
RothI,KLEB13,0
Roth88,KLEB11,1
Roth88,164413U12,1
Roth88,NCTC_13368,0
Roth88,KLEB12,1
Roth88,921530F,0
Roth88,KLEB5,1
Roth88,4_1_44FAA,0
Roth88,K5962,1
Roth88,CFI_127_NDM1,0
Roth88,CFI_108_OXA181,1
Roth88,2660,0
Roth88,2619,0
Roth88,MDRT1,1
Roth88,2609,1
Roth88,49856,0
Roth88,MKP103,0
Roth88,46704,0
Roth88,45071,0
Roth88,CFI_141_KPC3,0
Roth88,KLEB9,0
Roth88,L0549,0
Roth88,KLEB6,1
Roth88,K6500,1
Roth88,K5864,0
Roth88,164121Y,1
Roth88,KLEB7,0
Roth88,KLEB2,1
Roth88,MGH_78578,0
Roth88,KLEB10,0
Roth88,NCTC 7427,1
Roth88,KPUK02,0
Roth88,L0644,0
Roth88,163895Q,0
Roth88,L0747,0
Roth88,922221W,0
Roth88,L1522,1
Roth88,L0738,0
Roth88,TW3,0
Roth88,M6,1
Roth88,164125A,1
Roth88,K6310,0
Roth88,KLEB4,1
Roth88,L1392,1
Roth88,16,0
Roth88,CFI_110_OXA232,0
Roth88,CFI_119_OXA48,0
Roth88,CFI_147_OXA48,0
Roth88,CFI_118_NDM1,0
Roth88,CFI_134_NDM1,1
Roth88,KPUK01,0
Roth88,CFI_014_VIM4,1
Roth88,18,1
Roth88,KPUK04a,1
Roth88,NCTC_13443,1
Roth88,CFI_146_OXA48,0
Roth88,CFI_001_VIM1,1
Roth88,KLEB14,1
Roth88,KPTR8,0
Roth88,KLEB13,0
Roth27,KLEB11,1
Roth27,164413U12,1
Roth27,KLEB12,1
Roth27,921530F,0
Roth27,KLEB5,1
Roth27,4_1_44FAA,0
Roth27,CFI_127_NDM1,0
Roth27,CFI_108_OXA181,1
Roth27,2660,0
Roth27,2619,0
Roth27,MDRT1,1
Roth27,2609,1
Roth27,49856,0
Roth27,MKP103,0
Roth27,46704,0
Roth27,45071,0
Roth27,CFI_141_KPC3,0
Roth27,KLEB9,0
Roth27,L0549,0
Roth27,KLEB6,1
Roth27,K6500,1
Roth27,K5864,0
Roth27,164121Y,1
Roth27,L0593,0
Roth27,KLEB7,0
Roth27,KLEB2,1
Roth27,MGH_78578,0
Roth27,KLEB10,0
Roth27,NCTC 7427,1
Roth27,KPUK02,0
Roth27,L0644,0
Roth27,163895Q,0
Roth27,L0747,0
Roth27,922221W,1
Roth27,L1522,1
Roth27,L0738,0
Roth27,TW3,0
Roth27,M6,1
Roth27,164125A,1
Roth27,K6310,0
Roth27,KLEB4,1
Roth27,163862E,1
Roth27,L1392,1
Roth27,16,0
Roth27,CFI_110_OXA232,0
Roth27,CFI_119_OXA48,0
Roth27,CFI_118_NDM1,0
Roth27,CFI_134_NDM1,1
Roth27,KPUK01,0
Roth27,18,1
Roth27,KPUK04a,1
Roth27,NCTC_13443,1
Roth27,CFI_146_OXA48,0
Roth27,CFI_001_VIM1,1
Roth27,KLEB14,1
Roth27,KPTR8,0
Roth27,KLEB13,0
Roth22,KLEB11,1
Roth22,164413U12,1
Roth22,L0240,0
Roth22,KLEB12,1
Roth22,921530F,0
Roth22,1_1_55,0
Roth22,KLEB5,1
Roth22,4_1_44FAA,0
Roth22,CFI_127_NDM1,0
Roth22,2660,0
Roth22,2619,0
Roth22,MDRT1,1
Roth22,2609,1
Roth22,49856,0
Roth22,MKP103,0
Roth22,46704,0
Roth22,45071,0
Roth22,CFI_141_KPC3,0
Roth22,KLEB9,0
Roth22,L0549,0
Roth22,L0506,0
Roth22,KLEB6,1
Roth22,K6500,1
Roth22,K5864,0
Roth22,164121Y,1
Roth22,L0593,0
Roth22,KLEB7,0
Roth22,KLEB2,1
Roth22,MGH_78578,0
Roth22,KLEB10,0
Roth22,NCTC 7427,1
Roth22,KPUK02,0
Roth22,L0644,0
Roth22,163895Q,0
Roth22,L0747,0
Roth22,922221W,1
Roth22,L1522,1
Roth22,L0738,0
Roth22,TW3,0
Roth22,M6,1
Roth22,164125A,1
Roth22,K6310,0
Roth22,KLEB4,1
Roth22,L1392,1
Roth22,16,0
Roth22,CFI_110_OXA232,0
Roth22,CFI_119_OXA48,0
Roth22,CFI_147_OXA48,0
Roth22,CFI_118_NDM1,0
Roth22,CFI_134_NDM1,1
Roth22,KPUK01,0
Roth22,CFI_014_VIM4,1
Roth22,18,1
Roth22,CFI_128_NDM1,0
Roth22,KPUK04a,1
Roth22,NCTC_13443,1
Roth22,CFI_146_OXA48,0
Roth22,CFI_001_VIM1,1
Roth22,KLEB14,1
Roth22,KPTR8,0
Roth22,KLEB13,0
Roth90,KLEB11,1
Roth90,164413U12,1
Roth90,L0240,0
Roth90,KLEB12,1
Roth90,921530F,0
Roth90,1_1_55,0
Roth90,KLEB5,1
Roth90,4_1_44FAA,0
Roth90,CFI_127_NDM1,0
Roth90,CFI_108_OXA181,1
Roth90,2660,0
Roth90,2619,0
Roth90,MDRT1,1
Roth90,2609,1
Roth90,49856,0
Roth90,MKP103,0
Roth90,46704,0
Roth90,45071,0
Roth90,NCTC_13438,0
Roth90,CFI_141_KPC3,0
Roth90,51851,0
Roth90,KLEB9,0
Roth90,L0549,0
Roth90,L0506,0
Roth90,KLEB6,1
Roth90,K6500,1
Roth90,K5864,0
Roth90,164121Y,1
Roth90,L0593,0
Roth90,KLEB7,0
Roth90,80528,0
Roth90,KLEB2,1
Roth90,MGH_78578,0
Roth90,KLEB10,0
Roth90,NCTC 7427,1
Roth90,KPUK02,0
Roth90,L0644,0
Roth90,163895Q,0
Roth90,L0747,0
Roth90,922221W,0
Roth90,L1522,0
Roth90,L0738,0
Roth90,TW3,0
Roth90,M6,1
Roth90,164125A,1
Roth90,K6310,0
Roth90,KLEB3,0
Roth90,KLEB4,1
Roth90,L1392,1
Roth90,16,0
Roth90,CFI_110_OXA232,0
Roth90,CFI_119_OXA48,0
Roth90,CFI_147_OXA48,0
Roth90,CFI_118_NDM1,0
Roth90,CFI_134_NDM1,0
Roth90,KPUK01,0
Roth90,CFI_014_VIM4,1
Roth90,18,1
Roth90,CFI_128_NDM1,0
Roth90,KPUK04a,1
Roth90,NCTC_13443,1
Roth90,CFI_146_OXA48,0
Roth90,CFI_001_VIM1,1
Roth90,KLEB14,1
Roth90,KPTR8,0
Roth90,KLEB13,0
Roth26,KLEB11,1
Roth26,164413U12,1
Roth26,KLEB12,1
Roth26,921530F,0
Roth26,KLEB5,1
Roth26,4_1_44FAA,0
Roth26,CFI_127_NDM1,0
Roth26,CFI_108_OXA181,1
Roth26,2660,0
Roth26,2619,0
Roth26,MDRT1,1
Roth26,2609,1
Roth26,49856,0
Roth26,MKP103,0
Roth26,46704,0
Roth26,45071,0
Roth26,CFI_141_KPC3,0
Roth26,KLEB9,0
Roth26,L0549,0
Roth26,KLEB6,1
Roth26,K6500,1
Roth26,K5864,0
Roth26,164121Y,1
Roth26,L0593,0
Roth26,KLEB7,0
Roth26,KLEB2,1
Roth26,MGH_78578,0
Roth26,KLEB10,0
Roth26,NCTC 7427,1
Roth26,KPUK02,0
Roth26,L0644,0
Roth26,163895Q,0
Roth26,922221W,1
Roth26,L1522,1
Roth26,L0738,0
Roth26,TW3,0
Roth26,M6,1
Roth26,164125A,1
Roth26,K6310,0
Roth26,KLEB4,1
Roth26,163862E,1
Roth26,L1392,1
Roth26,16,0
Roth26,CFI_110_OXA232,0
Roth26,CFI_119_OXA48,0
Roth26,CFI_147_OXA48,0
Roth26,CFI_118_NDM1,0
Roth26,CFI_134_NDM1,1
Roth26,KPUK01,0
Roth26,18,1
Roth26,KPUK04a,1
Roth26,NCTC_13443,1
Roth26,CFI_146_OXA48,0
Roth26,CFI_001_VIM1,1
Roth26,KLEB14,1
Roth26,KPTR8,0
Roth26,KLEB13,0
Roth41,KLEB11,1
Roth41,164413U12,1
Roth41,KLEB12,0
Roth41,KLEB5,1
Roth41,4_1_44FAA,0
Roth41,CFI_127_NDM1,0
Roth41,CFI_108_OXA181,1
Roth41,2660,0
Roth41,2619,0
Roth41,MDRT1,1
Roth41,2609,1
Roth41,49856,0
Roth41,MKP103,0
Roth41,46704,0
Roth41,45071,0
Roth41,CFI_141_KPC3,0
Roth41,KLEB9,0
Roth41,L0549,0
Roth41,KLEB6,1
Roth41,K6500,1
Roth41,K5864,0
Roth41,164121Y,1
Roth41,KLEB7,0
Roth41,KLEB2,1
Roth41,MGH_78578,0
Roth41,KLEB10,0
Roth41,NCTC 7427,1
Roth41,KPUK02,0
Roth41,L0644,0
Roth41,163895Q,0
Roth41,L0747,0
Roth41,922221W,1
Roth41,L1522,1
Roth41,L0738,0
Roth41,TW3,0
Roth41,M6,1
Roth41,164125A,1
Roth41,K6310,0
Roth41,KLEB4,1
Roth41,163862E,1
Roth41,L1392,1
Roth41,16,0
Roth41,CFI_110_OXA232,0
Roth41,CFI_118_NDM1,0
Roth41,CFI_134_NDM1,1
Roth41,KPUK01,0
Roth41,18,1
Roth41,KPUK04a,1
Roth41,NCTC_13443,1
Roth41,CFI_146_OXA48,0
Roth41,CFI_001_VIM1,1
Roth41,KLEB14,1
Roth41,KPTR8,0
Roth41,KLEB13,0
Roth23,KLEB11,1
Roth23,164413U12,1
Roth23,KLEB12,1
Roth23,KLEB5,1
Roth23,4_1_44FAA,0
Roth23,CFI_127_NDM1,0
Roth23,CFI_108_OXA181,1
Roth23,2660,0
Roth23,2619,0
Roth23,MDRT1,1
Roth23,2609,1
Roth23,49856,0
Roth23,MKP103,0
Roth23,46704,0
Roth23,45071,0
Roth23,CFI_141_KPC3,0
Roth23,KLEB9,0
Roth23,L0549,0
Roth23,KLEB6,1
Roth23,K6500,1
Roth23,K5864,0
Roth23,164121Y,1
Roth23,KLEB7,0
Roth23,KLEB2,1
Roth23,MGH_78578,0
Roth23,KLEB10,0
Roth23,NCTC 7427,1
Roth23,KPUK02,0
Roth23,L0644,0
Roth23,163895Q,0
Roth23,L0747,0
Roth23,922221W,0
Roth23,L1522,1
Roth23,L0738,0
Roth23,TW3,0
Roth23,M6,1
Roth23,164125A,1
Roth23,K6310,0
Roth23,KLEB4,1
Roth23,L1392,1
Roth23,16,0
Roth23,CFI_110_OXA232,0
Roth23,CFI_119_OXA48,0
Roth23,CFI_118_NDM1,0
Roth23,CFI_134_NDM1,1
Roth23,KPUK01,0
Roth23,CFI_014_VIM4,1
Roth23,18,1
Roth23,KPUK04a,1
Roth23,NCTC_13443,1
Roth23,CFI_146_OXA48,0
Roth23,CFI_001_VIM1,1
Roth23,KLEB14,1
Roth23,KPTR8,0
Roth23,KLEB13,0
Roth19,KLEB11,0
Roth19,164413U12,0
Roth19,163575R,0
Roth19,NCTC_13368,1
Roth19,L0240,0
Roth19,KLEB12,0
Roth19,921530F,0
Roth19,1_1_55,0
Roth19,KLEB5,1
Roth19,4_1_44FAA,0
Roth19,K5962,0
Roth19,ATCC_11296,0
Roth19,CFI_127_NDM1,0
Roth19,CFI_108_OXA181,0
Roth19,2660,0
Roth19,2619,0
Roth19,MDRT1,0
Roth19,2609,1
Roth19,49856,0
Roth19,CFI_131_KPC2,0
Roth19,MKP103,0
Roth19,46704,0
Roth19,45071,0
Roth19,NCTC_13438,0
Roth19,CFI_141_KPC3,0
Roth19,51851,0
Roth19,KLEB9,0
Roth19,L0549,0
Roth19,L0506,0
Roth19,KLEB6,0
Roth19,K6500,0
Roth19,K5864,0
Roth19,164121Y,0
Roth19,164358U,0
Roth19,L0593,0
Roth19,KLEB7,0
Roth19,RSUH15,0
Roth19,80528,0
Roth19,KLEB2,0
Roth19,MGH_78578,0
Roth19,KLEB10,0
Roth19,NCTC 7427,1
Roth19,KPUK02,0
Roth19,L0644,0
Roth19,163895Q,0
Roth19,L0747,0
Roth19,922221W,0
Roth19,L1522,0
Roth19,L0738,0
Roth19,TW3,0
Roth19,M6,0
Roth19,164125A,1
Roth19,K6310,0
Roth19,KLEB3,0
Roth19,KLEB4,0
Roth19,163862E,0
Roth19,L1392,0
Roth19,16,0
Roth19,CFI_110_OXA232,0
Roth19,CFI_119_OXA48,0
Roth19,CFI_147_OXA48,0
Roth19,CFI_118_NDM1,0
Roth19,CFI_134_NDM1,0
Roth19,KPUK01,0
Roth19,CFI_014_VIM4,0
Roth19,18,0
Roth19,CFI_128_NDM1,0
Roth19,KPUK04a,0
Roth19,NCTC_13443,0
Roth19,CFI_146_OXA48,0
Roth19,CFI_001_VIM1,1
Roth19,KLEB14,0
Roth19,KPTR8,0
Roth19,KLEB13,0
Roth20,KLEB11,1
Roth20,164413U12,1
Roth20,163575R,0
Roth20,NCTC_13368,1
Roth20,L0240,0
Roth20,KLEB12,0
Roth20,921530F,0
Roth20,1_1_55,0
Roth20,KLEB5,1
Roth20,4_1_44FAA,0
Roth20,K5962,0
Roth20,ATCC_11296,0
Roth20,CFI_127_NDM1,0
Roth20,CFI_108_OXA181,0
Roth20,2660,0
Roth20,2619,0
Roth20,MDRT1,1
Roth20,2609,1
Roth20,49856,0
Roth20,CFI_131_KPC2,0
Roth20,MKP103,0
Roth20,46704,0
Roth20,45071,0
Roth20,NCTC_13438,1
Roth20,CFI_141_KPC3,0
Roth20,51851,1
Roth20,KLEB9,0
Roth20,L0549,0
Roth20,L0506,0
Roth20,KLEB6,0
Roth20,K5864,0
Roth20,164121Y,0
Roth20,164358U,0
Roth20,L0593,0
Roth20,KLEB7,0
Roth20,RSUH15,0
Roth20,80528,0
Roth20,KLEB2,0
Roth20,MGH_78578,0
Roth20,KLEB10,0
Roth20,NCTC 7427,1
Roth20,KPUK02,0
Roth20,L0644,0
Roth20,163895Q,0
Roth20,L0747,0
Roth20,922221W,0
Roth20,L1522,0
Roth20,TW3,0
Roth20,M6,0
Roth20,164125A,1
Roth20,K6310,0
Roth20,KLEB3,0
Roth20,KLEB4,0
Roth20,163862E,0
Roth20,L1392,0
Roth20,16,0
Roth20,CFI_110_OXA232,0
Roth20,CFI_119_OXA48,0
Roth20,CFI_147_OXA48,0
Roth20,CFI_118_NDM1,0
Roth20,CFI_134_NDM1,0
Roth20,KPUK01,0
Roth20,CFI_014_VIM4,0
Roth20,CFI_128_NDM1,0
Roth20,KPUK04a,0
Roth20,NCTC_13443,0
Roth20,CFI_146_OXA48,0
Roth20,CFI_001_VIM1,1
Roth20,KLEB14,0
Roth20,KPTR8,0
Roth20,KLEB13,0
Roth04,164413U12,1
Roth04,163575R,0
Roth04,NCTC_13368,0
Roth04,L0240,0
Roth04,KLEB12,0
Roth04,921530F,0
Roth04,1_1_55,0
Roth04,KLEB5,1
Roth04,4_1_44FAA,0
Roth04,K5962,0
Roth04,ATCC_11296,0
Roth04,CFI_127_NDM1,0
Roth04,CFI_108_OXA181,1
Roth04,2660,0
Roth04,2619,0
Roth04,MDRT1,1
Roth04,2609,0
Roth04,49856,1
Roth04,CFI_131_KPC2,1
Roth04,MKP103,0
Roth04,46704,0
Roth04,45071,0
Roth04,NCTC_13438,1
Roth04,CFI_141_KPC3,0
Roth04,51851,1
Roth04,KLEB9,0
Roth04,L0549,0
Roth04,L0506,0
Roth04,KLEB6,0
Roth04,K6500,1
Roth04,K5864,0
Roth04,164121Y,0
Roth04,L0593,0
Roth04,KLEB7,0
Roth04,RSUH15,0
Roth04,80528,0
Roth04,KLEB2,0
Roth04,MGH_78578,0
Roth04,KLEB10,0
Roth04,KPUK02,0
Roth04,L0644,0
Roth04,163895Q,0
Roth04,L0747,0
Roth04,922221W,0
Roth04,L0738,0
Roth04,TW3,0
Roth04,M6,0
Roth04,164125A,1
Roth04,K6310,0
Roth04,KLEB3,0
Roth04,KLEB4,0
Roth04,163862E,0
Roth04,L1392,0
Roth04,16,0
Roth04,CFI_110_OXA232,0
Roth04,CFI_119_OXA48,0
Roth04,CFI_147_OXA48,0
Roth04,CFI_118_NDM1,0
Roth04,CFI_134_NDM1,0
Roth04,KPUK01,0
Roth04,18,0
Roth04,CFI_128_NDM1,0
Roth04,KPUK04a,1
Roth04,NCTC_13443,0
Roth04,CFI_146_OXA48,0
Roth04,CFI_001_VIM1,1
Roth04,KLEB14,0
Roth04,KPTR8,0
Roth04,KLEB13,0
Roth78,KLEB11,1
Roth78,164413U12,1
Roth78,163575R,0
Roth78,NCTC_13368,0
Roth78,L0240,0
Roth78,KLEB12,0
Roth78,921530F,0
Roth78,1_1_55,0
Roth78,KLEB5,1
Roth78,4_1_44FAA,0
Roth78,K5962,0
Roth78,ATCC_11296,0
Roth78,CFI_127_NDM1,0
Roth78,CFI_108_OXA181,1
Roth78,2660,0
Roth78,2619,0
Roth78,MDRT1,1
Roth78,2609,0
Roth78,49856,1
Roth78,CFI_131_KPC2,1
Roth78,MKP103,0
Roth78,45071,0
Roth78,NCTC_13438,1
Roth78,CFI_141_KPC3,0
Roth78,51851,1
Roth78,KLEB9,0
Roth78,L0549,0
Roth78,L0506,0
Roth78,KLEB6,0
Roth78,K5864,0
Roth78,164121Y,1
Roth78,164358U,0
Roth78,L0593,0
Roth78,KLEB7,0
Roth78,RSUH15,0
Roth78,80528,0
Roth78,KLEB2,0
Roth78,MGH_78578,0
Roth78,KLEB10,0
Roth78,KPUK02,0
Roth78,L0644,0
Roth78,163895Q,0
Roth78,L0747,0
Roth78,922221W,0
Roth78,L1522,0
Roth78,TW3,0
Roth78,M6,0
Roth78,164125A,1
Roth78,K6310,0
Roth78,KLEB3,0
Roth78,KLEB4,0
Roth78,L1392,0
Roth78,CFI_110_OXA232,0
Roth78,CFI_119_OXA48,0
Roth78,CFI_118_NDM1,0
Roth78,CFI_134_NDM1,0
Roth78,KPUK01,0
Roth78,KPUK04a,1
Roth78,NCTC_13443,0
Roth78,CFI_146_OXA48,0
Roth78,CFI_001_VIM1,1
Roth78,KLEB14,0
Roth78,KPTR8,0
Roth78,KLEB13,0
Roth67,164413U12,1
Roth67,163575R,0
Roth67,NCTC_13368,0
Roth67,L0240,0
Roth67,KLEB12,0
Roth67,921530F,0
Roth67,1_1_55,0
Roth67,KLEB5,0
Roth67,4_1_44FAA,0
Roth67,K5962,0
Roth67,ATCC_11296,0
Roth67,CFI_127_NDM1,0
Roth67,CFI_108_OXA181,1
Roth67,2660,0
Roth67,2619,0
Roth67,MDRT1,1
Roth67,2609,0
Roth67,49856,1
Roth67,CFI_131_KPC2,1
Roth67,MKP103,0
Roth67,46704,0
Roth67,45071,0
Roth67,NCTC_13438,1
Roth67,CFI_141_KPC3,0
Roth67,51851,1
Roth67,KLEB9,0
Roth67,L0549,0
Roth67,L0506,0
Roth67,KLEB6,0
Roth67,K6500,1
Roth67,K5864,0
Roth67,164121Y,1
Roth67,164358U,0
Roth67,L0593,0
Roth67,KLEB7,0
Roth67,RSUH15,0
Roth67,80528,0
Roth67,KLEB2,0
Roth67,MGH_78578,0
Roth67,KLEB10,0
Roth67,KPUK02,0
Roth67,L0644,0
Roth67,163895Q,0
Roth67,L0747,0
Roth67,922221W,0
Roth67,L1522,0
Roth67,TW3,0
Roth67,M6,0
Roth67,164125A,1
Roth67,K6310,0
Roth67,KLEB3,0
Roth67,L1392,0
Roth67,16,0
Roth67,CFI_110_OXA232,0
Roth67,CFI_119_OXA48,0
Roth67,CFI_118_NDM1,0
Roth67,KPUK01,0
Roth67,CFI_014_VIM4,0
Roth67,CFI_128_NDM1,0
Roth67,KPUK04a,1
Roth67,NCTC_13443,0
Roth67,CFI_146_OXA48,0
Roth67,CFI_001_VIM1,1
Roth67,KLEB14,0
Roth67,KPTR8,0
Roth67,KLEB13,0
Roth77,KLEB11,1
Roth77,164413U12,1
Roth77,163575R,0
Roth77,NCTC_13368,0
Roth77,L0240,0
Roth77,KLEB12,0
Roth77,921530F,0
Roth77,1_1_55,0
Roth77,KLEB5,1
Roth77,4_1_44FAA,0
Roth77,K5962,0
Roth77,ATCC_11296,0
Roth77,CFI_127_NDM1,0
Roth77,CFI_108_OXA181,1
Roth77,2660,0
Roth77,2619,0
Roth77,MDRT1,1
Roth77,2609,0
Roth77,49856,0
Roth77,CFI_131_KPC2,1
Roth77,MKP103,0
Roth77,45071,0
Roth77,NCTC_13438,1
Roth77,CFI_141_KPC3,0
Roth77,51851,1
Roth77,KLEB9,0
Roth77,L0549,0
Roth77,L0506,0
Roth77,KLEB6,0
Roth77,K6500,1
Roth77,K5864,0
Roth77,164121Y,1
Roth77,164358U,0
Roth77,L0593,0
Roth77,KLEB7,0
Roth77,RSUH15,0
Roth77,80528,0
Roth77,KLEB2,0
Roth77,MGH_78578,0
Roth77,KLEB10,0
Roth77,KPUK02,0
Roth77,L0644,0
Roth77,163895Q,0
Roth77,L0747,0
Roth77,922221W,0
Roth77,L1522,0
Roth77,TW3,0
Roth77,M6,0
Roth77,164125A,1
Roth77,K6310,0
Roth77,KLEB3,0
Roth77,KLEB4,0
Roth77,163862E,0
Roth77,L1392,0
Roth77,16,0
Roth77,CFI_110_OXA232,0
Roth77,CFI_119_OXA48,0
Roth77,CFI_118_NDM1,0
Roth77,KPUK01,0
Roth77,CFI_014_VIM4,0
Roth77,18,0
Roth77,KPUK04a,1
Roth77,NCTC_13443,0
Roth77,CFI_146_OXA48,0
Roth77,CFI_001_VIM1,1
Roth77,KLEB14,0
Roth77,KPTR8,0
Roth77,KLEB13,0
Roth16,KLEB11,1
Roth16,164413U12,1
Roth16,NCTC_13368,1
Roth16,KLEB12,1
Roth16,1_1_55,0
Roth16,KLEB5,1
Roth16,4_1_44FAA,0
Roth16,CFI_108_OXA181,1
Roth16,2660,1
Roth16,2609,1
Roth16,49856,1
Roth16,CFI_131_KPC2,1
Roth16,45071,1
Roth16,NCTC_13438,1
Roth16,CFI_141_KPC3,0
Roth16,51851,1
Roth16,KLEB9,0
Roth16,L0549,0
Roth16,L0506,0
Roth16,KLEB6,1
Roth16,K6500,1
Roth16,K5864,0
Roth16,164121Y,1
Roth16,164358U,0
Roth16,L0593,0
Roth16,80528,0
Roth16,MGH_78578,0
Roth16,KLEB10,0
Roth16,KPUK02,0
Roth16,L0644,0
Roth16,163895Q,1
Roth16,L0747,0
Roth16,922221W,0
Roth16,TW3,0
Roth16,M6,1
Roth16,164125A,1
Roth16,K6310,0
Roth16,KLEB3,0
Roth16,KLEB4,0
Roth16,L1392,0
Roth16,CFI_118_NDM1,0
Roth16,CFI_134_NDM1,0
Roth16,KPUK01,0
Roth16,CFI_014_VIM4,0
Roth16,KPUK04a,0
Roth16,NCTC_13443,0
Roth16,CFI_146_OXA48,0
Roth16,CFI_001_VIM1,0
Roth16,KLEB13,0
Roth17,KLEB11,1
Roth17,164413U12,1
Roth17,163575R,0
Roth17,NCTC_13368,1
Roth17,L0240,0
Roth17,KLEB12,0
Roth17,1_1_55,0
Roth17,KLEB5,1
Roth17,4_1_44FAA,0
Roth17,ATCC_11296,0
Roth17,CFI_127_NDM1,0
Roth17,CFI_108_OXA181,0
Roth17,2660,1
Roth17,2619,0
Roth17,2609,1
Roth17,49856,1
Roth17,CFI_131_KPC2,1
Roth17,46704,0
Roth17,45071,1
Roth17,NCTC_13438,1
Roth17,CFI_141_KPC3,0
Roth17,51851,1
Roth17,KLEB9,0
Roth17,L0549,0
Roth17,L0506,0
Roth17,KLEB6,1
Roth17,K6500,1
Roth17,K5864,0
Roth17,164121Y,1
Roth17,164358U,0
Roth17,L0593,0
Roth17,KLEB7,0
Roth17,80528,0
Roth17,KLEB2,0
Roth17,MGH_78578,0
Roth17,KLEB10,0
Roth17,NCTC 7427,0
Roth17,KPUK02,0
Roth17,L0644,0
Roth17,163895Q,1
Roth17,L0747,0
Roth17,922221W,0
Roth17,L1522,0
Roth17,L0738,0
Roth17,TW3,0
Roth17,M6,1
Roth17,164125A,1
Roth17,K6310,0
Roth17,KLEB3,0
Roth17,KLEB4,0
Roth17,L1392,0
Roth17,16,0
Roth17,CFI_110_OXA232,0
Roth17,CFI_119_OXA48,0
Roth17,CFI_147_OXA48,0
Roth17,CFI_118_NDM1,0
Roth17,CFI_134_NDM1,0
Roth17,KPUK01,0
Roth17,CFI_014_VIM4,0
Roth17,KPUK04a,0
Roth17,NCTC_13443,0
Roth17,CFI_146_OXA48,0
Roth17,CFI_001_VIM1,0
Roth17,KPTR8,0
Roth21,KLEB11,1
Roth21,164413U12,1
Roth21,163575R,0
Roth21,NCTC_13368,1
Roth21,L0240,0
Roth21,KLEB12,0
Roth21,1_1_55,0
Roth21,KLEB5,1
Roth21,4_1_44FAA,0
Roth21,ATCC_11296,0
Roth21,2660,1
Roth21,2609,1
Roth21,49856,1
Roth21,CFI_131_KPC2,1
Roth21,45071,1
Roth21,NCTC_13438,1
Roth21,CFI_141_KPC3,0
Roth21,51851,1
Roth21,KLEB9,0
Roth21,L0549,0
Roth21,L0506,0
Roth21,KLEB6,1
Roth21,K6500,1
Roth21,K5864,0
Roth21,164121Y,1
Roth21,164358U,0
Roth21,L0593,0
Roth21,80528,0
Roth21,MGH_78578,0
Roth21,KLEB10,0
Roth21,NCTC 7427,0
Roth21,KPUK02,0
Roth21,L0644,0
Roth21,163895Q,1
Roth21,L0747,0
Roth21,922221W,0
Roth21,L1522,0
Roth21,L0738,0
Roth21,TW3,0
Roth21,M6,1
Roth21,164125A,1
Roth21,K6310,0
Roth21,KLEB3,0
Roth21,KLEB4,0
Roth21,16,0
Roth21,CFI_110_OXA232,0
Roth21,CFI_118_NDM1,0
Roth21,CFI_134_NDM1,0
Roth21,KPUK01,0
Roth21,CFI_014_VIM4,0
Roth21,KPUK04a,0
Roth21,NCTC_13443,0
Roth21,CFI_146_OXA48,0
Roth21,CFI_001_VIM1,0
Roth21,KPTR8,0
Roth51,KLEB11,1
Roth51,164413U12,1
Roth51,163575R,0
Roth51,NCTC_13368,1
Roth51,L0240,0
Roth51,KLEB12,1
Roth51,921530F,1
Roth51,1_1_55,0
Roth51,KLEB5,0
Roth51,4_1_44FAA,0
Roth51,K5962,1
Roth51,CFI_108_OXA181,1
Roth51,2660,0
Roth51,2619,0
Roth51,MDRT1,1
Roth51,2609,0
Roth51,49856,1
Roth51,CFI_131_KPC2,1
Roth51,45071,0
Roth51,NCTC_13438,0
Roth51,CFI_141_KPC3,0
Roth51,51851,1
Roth51,KLEB9,0
Roth51,L0549,0
Roth51,L0506,0
Roth51,KLEB6,0
Roth51,K6500,1
Roth51,K5864,0
Roth51,164121Y,1
Roth51,164358U,0
Roth51,80528,0
Roth51,KLEB2,0
Roth51,MGH_78578,0
Roth51,KLEB10,0
Roth51,NCTC 7427,0
Roth51,KPUK02,0
Roth51,L0644,0
Roth51,L0747,0
Roth51,922221W,0
Roth51,L1522,0
Roth51,L0738,0
Roth51,TW3,0
Roth51,M6,0
Roth51,164125A,1
Roth51,K6310,0
Roth51,KLEB3,0
Roth51,KLEB4,0
Roth51,L1392,0
Roth51,CFI_134_NDM1,1
Roth51,KPUK01,0
Roth51,CFI_014_VIM4,0
Roth51,CFI_128_NDM1,0
Roth51,KPUK04a,0
Roth51,NCTC_13443,0
Roth51,CFI_146_OXA48,0
Roth51,CFI_001_VIM1,0
Roth51,KLEB14,0
Roth51,KPTR8,0
Roth51,KLEB13,0
Roth80,KLEB11,1
Roth80,164413U12,1
Roth80,163575R,0
Roth80,NCTC_13368,1
Roth80,KLEB12,1
Roth80,921530F,1
Roth80,1_1_55,0
Roth80,KLEB5,1
Roth80,4_1_44FAA,0
Roth80,CFI_108_OXA181,1
Roth80,2660,0
Roth80,2619,0
Roth80,MDRT1,1
Roth80,2609,0
Roth80,49856,1
Roth80,CFI_131_KPC2,1
Roth80,MKP103,0
Roth80,46704,1
Roth80,45071,0
Roth80,NCTC_13438,1
Roth80,CFI_141_KPC3,0
Roth80,51851,1
Roth80,KLEB9,0
Roth80,L0549,0
Roth80,L0506,0
Roth80,KLEB6,1
Roth80,K5864,0
Roth80,164121Y,1
Roth80,80528,0
Roth80,KLEB2,0
Roth80,MGH_78578,0
Roth80,KLEB10,0
Roth80,NCTC 7427,1
Roth80,KPUK02,0
Roth80,L0644,0
Roth80,L0747,0
Roth80,922221W,0
Roth80,L1522,0
Roth80,M6,1
Roth80,164125A,1
Roth80,K6310,0
Roth80,KLEB3,0
Roth80,KLEB4,0
Roth80,L1392,1
Roth80,CFI_134_NDM1,1
Roth80,KPUK01,0
Roth80,CFI_014_VIM4,0
Roth80,CFI_128_NDM1,0
Roth80,KPUK04a,0
Roth80,NCTC_13443,0
Roth80,CFI_146_OXA48,0
Roth80,CFI_001_VIM1,0
Roth80,KLEB14,0
Roth80,KPTR8,0
Roth80,KLEB13,0
Roth66,KLEB11,1
Roth66,164413U12,1
Roth66,NCTC_13368,1
Roth66,KLEB12,1
Roth66,921530F,1
Roth66,1_1_55,0
Roth66,KLEB5,1
Roth66,4_1_44FAA,0
Roth66,K5962,1
Roth66,CFI_108_OXA181,1
Roth66,2660,0
Roth66,2619,0
Roth66,MDRT1,1
Roth66,2609,0
Roth66,49856,1
Roth66,CFI_131_KPC2,1
Roth66,MKP103,0
Roth66,45071,0
Roth66,NCTC_13438,1
Roth66,CFI_141_KPC3,0
Roth66,51851,1
Roth66,KLEB9,0
Roth66,L0549,0
Roth66,L0506,0
Roth66,KLEB6,1
Roth66,K6500,1
Roth66,K5864,0
Roth66,164121Y,1
Roth66,80528,0
Roth66,MGH_78578,0
Roth66,KLEB10,0
Roth66,NCTC 7427,0
Roth66,KPUK02,0
Roth66,L0644,0
Roth66,L0747,0
Roth66,922221W,0
Roth66,L1522,0
Roth66,M6,1
Roth66,164125A,1
Roth66,K6310,0
Roth66,KLEB3,0
Roth66,KLEB4,0
Roth66,L1392,1
Roth66,CFI_134_NDM1,1
Roth66,KPUK01,0
Roth66,CFI_014_VIM4,0
Roth66,CFI_128_NDM1,0
Roth66,KPUK04a,0
Roth66,NCTC_13443,0
Roth66,CFI_146_OXA48,0
Roth66,CFI_001_VIM1,0
Roth66,KLEB14,0
Roth66,KPTR8,0
Roth66,KLEB13,0
Roth68,KLEB11,1
Roth68,164413U12,1
Roth68,NCTC_13368,1
Roth68,KLEB12,1
Roth68,921530F,1
Roth68,1_1_55,0
Roth68,KLEB5,1
Roth68,4_1_44FAA,0
Roth68,K5962,0
Roth68,CFI_108_OXA181,1
Roth68,2660,0
Roth68,2619,0
Roth68,MDRT1,1
Roth68,2609,0
Roth68,49856,1
Roth68,CFI_131_KPC2,1
Roth68,45071,0
Roth68,NCTC_13438,1
Roth68,CFI_141_KPC3,0
Roth68,51851,1
Roth68,KLEB9,0
Roth68,L0549,0
Roth68,L0506,0
Roth68,KLEB6,1
Roth68,K6500,1
Roth68,K5864,0
Roth68,164121Y,1
Roth68,164358U,0
Roth68,80528,0
Roth68,KLEB2,0
Roth68,MGH_78578,0
Roth68,KLEB10,0
Roth68,NCTC 7427,0
Roth68,KPUK02,0
Roth68,L0644,0
Roth68,L0747,0
Roth68,922221W,0
Roth68,L1522,0
Roth68,164125A,1
Roth68,K6310,0
Roth68,KLEB3,0
Roth68,KLEB4,0
Roth68,L1392,1
Roth68,CFI_134_NDM1,1
Roth68,KPUK01,0
Roth68,CFI_014_VIM4,0
Roth68,CFI_128_NDM1,0
Roth68,KPUK04a,0
Roth68,NCTC_13443,0
Roth68,CFI_146_OXA48,0
Roth68,CFI_001_VIM1,0
Roth68,KLEB14,0
Roth68,KPTR8,0
Roth68,KLEB13,0
Roth76,KLEB11,0
Roth76,164413U12,1
Roth76,NCTC_13368,1
Roth76,KLEB12,0
Roth76,921530F,1
Roth76,1_1_55,0
Roth76,KLEB5,1
Roth76,4_1_44FAA,0
Roth76,CFI_108_OXA181,1
Roth76,2660,0
Roth76,2619,0
Roth76,2609,0
Roth76,49856,1
Roth76,CFI_131_KPC2,1
Roth76,45071,1
Roth76,NCTC_13438,1
Roth76,CFI_141_KPC3,0
Roth76,51851,1
Roth76,KLEB9,0
Roth76,L0549,0
Roth76,L0506,0
Roth76,KLEB6,1
Roth76,K6500,1
Roth76,K5864,0
Roth76,164121Y,1
Roth76,80528,0
Roth76,MGH_78578,0
Roth76,KLEB10,0
Roth76,NCTC 7427,0
Roth76,KPUK02,0
Roth76,L0644,0
Roth76,L0747,0
Roth76,922221W,0
Roth76,L1522,0
Roth76,164125A,1
Roth76,K6310,0
Roth76,KLEB3,0
Roth76,KLEB4,0
Roth76,L1392,1
Roth76,CFI_134_NDM1,1
Roth76,KPUK01,0
Roth76,CFI_014_VIM4,0
Roth76,KPUK04a,0
Roth76,NCTC_13443,0
Roth76,CFI_146_OXA48,0
Roth76,CFI_001_VIM1,0
Roth76,KLEB14,0
Roth76,KPTR8,0
Roth76,KLEB13,0
Roth34,KLEB11,1
Roth34,164413U12,1
Roth34,163575R,0
Roth34,NCTC_13368,1
Roth34,KLEB12,1
Roth34,921530F,1
Roth34,1_1_55,0
Roth34,KLEB5,1
Roth34,4_1_44FAA,0
Roth34,ATCC_11296,0
Roth34,CFI_108_OXA181,1
Roth34,2660,0
Roth34,2619,0
Roth34,2609,0
Roth34,49856,1
Roth34,CFI_131_KPC2,0
Roth34,45071,0
Roth34,NCTC_13438,1
Roth34,CFI_141_KPC3,0
Roth34,51851,1
Roth34,KLEB9,0
Roth34,L0549,0
Roth34,L0506,0
Roth34,KLEB6,1
Roth34,K6500,1
Roth34,K5864,0
Roth34,164121Y,1
Roth34,164358U,0
Roth34,L0593,0
Roth34,RSUH15,0
Roth34,80528,0
Roth34,KLEB2,0
Roth34,MGH_78578,0
Roth34,KLEB10,0
Roth34,NCTC 7427,0
Roth34,KPUK02,0
Roth34,L0644,0
Roth34,L0747,0
Roth34,922221W,0
Roth34,L1522,0
Roth34,L0738,0
Roth34,TW3,0
Roth34,M6,0
Roth34,164125A,1
Roth34,K6310,0
Roth34,KLEB3,0
Roth34,KLEB4,0
Roth34,163862E,0
Roth34,L1392,0
Roth34,CFI_110_OXA232,0
Roth34,CFI_147_OXA48,0
Roth34,CFI_118_NDM1,0
Roth34,CFI_134_NDM1,0
Roth34,KPUK01,0
Roth34,CFI_014_VIM4,0
Roth34,CFI_128_NDM1,0
Roth34,KPUK04a,0
Roth34,NCTC_13443,0
Roth34,CFI_146_OXA48,0
Roth34,CFI_001_VIM1,0
Roth34,KLEB14,0
Roth34,KPTR8,0
Roth34,KLEB13,0
Roth79,KLEB11,1
Roth79,164413U12,1
Roth79,NCTC_13368,1
Roth79,KLEB12,1
Roth79,921530F,1
Roth79,1_1_55,0
Roth79,KLEB5,1
Roth79,4_1_44FAA,0
Roth79,CFI_108_OXA181,1
Roth79,2660,0
Roth79,2619,0
Roth79,2609,0
Roth79,49856,1
Roth79,CFI_131_KPC2,1
Roth79,45071,0
Roth79,NCTC_13438,1
Roth79,CFI_141_KPC3,0
Roth79,51851,1
Roth79,KLEB9,0
Roth79,L0549,0
Roth79,L0506,0
Roth79,KLEB6,1
Roth79,K5864,0
Roth79,164121Y,1
Roth79,80528,0
Roth79,MGH_78578,0
Roth79,KLEB10,0
Roth79,NCTC 7427,0
Roth79,KPUK02,0
Roth79,L0644,0
Roth79,L0747,0
Roth79,922221W,0
Roth79,L1522,0
Roth79,164125A,1
Roth79,K6310,0
Roth79,KLEB3,0
Roth79,KLEB4,0
Roth79,L1392,1
Roth79,CFI_134_NDM1,1
Roth79,KPUK01,0
Roth79,CFI_014_VIM4,0
Roth79,KPUK04a,0
Roth79,NCTC_13443,0
Roth79,CFI_146_OXA48,0
Roth79,CFI_001_VIM1,0
Roth79,KLEB14,0
Roth79,KPTR8,0
Roth79,KLEB13,0
Roth01,KLEB11,1
Roth01,164413U12,1
Roth01,NCTC_13368,1
Roth01,KLEB12,1
Roth01,921530F,1
Roth01,1_1_55,0
Roth01,KLEB5,1
Roth01,4_1_44FAA,0
Roth01,CFI_108_OXA181,1
Roth01,2660,0
Roth01,2619,0
Roth01,MDRT1,1
Roth01,2609,0
Roth01,49856,1
Roth01,CFI_131_KPC2,1
Roth01,45071,1
Roth01,NCTC_13438,1
Roth01,CFI_141_KPC3,0
Roth01,51851,1
Roth01,KLEB9,0
Roth01,L0549,0
Roth01,L0506,0
Roth01,KLEB6,1
Roth01,K6500,1
Roth01,K5864,0
Roth01,164121Y,1
Roth01,80528,0
Roth01,MGH_78578,0
Roth01,KLEB10,0
Roth01,NCTC 7427,0
Roth01,KPUK02,0
Roth01,L0644,0
Roth01,163895Q,0
Roth01,L0747,0
Roth01,922221W,0
Roth01,L1522,0
Roth01,TW3,0
Roth01,M6,1
Roth01,164125A,1
Roth01,K6310,0
Roth01,KLEB3,0
Roth01,KLEB4,0
Roth01,L1392,1
Roth01,CFI_134_NDM1,1
Roth01,KPUK01,0
Roth01,CFI_014_VIM4,0
Roth01,CFI_128_NDM1,0
Roth01,KPUK04a,0
Roth01,NCTC_13443,0
Roth01,CFI_146_OXA48,0
Roth01,CFI_001_VIM1,0
Roth01,KLEB14,0
Roth01,KPTR8,0
Roth01,KLEB13,0
